0,"ен =
| 93 ре у
А Я рый 3
ая С *
5
2х 7
А
ка р м
вх #2 5%
м м
} | 1 |
», | |
\ == —М8
а | т Бин? =
р -———— 5
1 -
"
1,"Ил. ЮР ГУМ [АСТА у!
к == ИУ С
ОБОИ могут быть

я У одинаковыми, но наша

1 К ЦЕНА-НИЖЕ!
т, 7

| Е й ^ 2Малмыж ул ернвлевено—о 11
й] ву сот.8-912-700-80-90
"
1,"* + [ 1.
УВ р о М
в ы ПУ, м
Бы [ ты \( 7 ео
м: |
ЕЕ Ш. |
аг == . | в | | Е
ыы 1 Пт | Е :
8 5.1 а . Ю
Е 1 - р.
у КИЙ
ОЕ - ГИГ а
ый РГ. З МУСЯ \ 2% Аесли найдете ее
"
0,"де ЗАК М“ д ИР <, х
О И ^\. РА А:
АС, 1 , Вы
Я х м т а У, ""5 ь 3
мА АИ. р
—. ао о ОА МО КАИ а ам) \
Ея. О й ИХ Га р ФГ \
и зеаСе ых СА АР ХУ
ИА. ААА ВИ Зы у а $2 И '
А А ОА Ви к х >
Е о и а т И
Е О И ТЫ
сы] раны о а
и : о \ а т . 7 о о
\ им == те | *
рь 5 : ь = 2: р
| нЕ Е
= = Ам я `\\ ии
А а ^ Е АИ Мо /
= м — чим 9 И \ К и т р
5 о а
що =>. А 2 2 20 -
в Е ее
с Зе о =. За
^^ аа о ыы
"
0,"= 1 ы
ы 1
Г ь — «№ -
2 = = — = = ыы Е тт | Е В п -— \
\ 4 и : = ыы ЕЕ ВА = -.
у р 2 | я ь ‚аь- | = >.
: = = г = ас
ила а соаоея х о . 5 Ех
| > : о ^ = ; а т м а Е - ее
"
0,"| х зна. = п
1^ \ 395 >
=. = О | и (7 вы
ф-- 70) м
к Г. 7.

— == + =
"
1,"Все для расада // сайошне виниловый и иелаллический
самые низкие цены + скиоки!

Е Ъ6скег КАК ЗА КАМЕННОЙ СТЕНОЙ &
— оч с ма ЕР 2АйБоФиль Е
о == гпевВег Фу Е — ты,

ЩЕ ры ||
ЕЕ нее ВЫ | «уу - 1 В ЗЕЕ

а | 4 Е +
ПНВ с мухи ЧМ ыы зи —
о ЕЕ и -чдер| @Щу ‚
г.Малмыж ул.Чернышевского 11 КРЕДИТ, ТЕРМИНАЛ,
тел.2-20-25 сот.8-912-700-80-90 ДОСТАВКА, УСТАНОВКА
"
1,"У #
о . я
бы г”
ИМИ ГЕРМЕС

со Я | | ТОРГОВЫЙ ДОМ

$.

р от ъ""—>—
С пщииит— И |

НТ оо 1

75 бывает!

г.Малмыж ул.К-Маркса 8

а ь аи
"
0,"*, ни “м
ыы ""> ре
/ м .- ""#..^ — ы =. [ем к 1] ы ь
8 ЕЙ: я иокык
задание ен:
р ия мор
зы рб Я Е сс -
ме = ик ааа: и О
Ри ПЕ И - О - .
ых За рН 55 Е 1 И КО НЫ ее я я
пав ИРИ, а 5 ы 7 ди. ИСИ... р
а п КДИ А о о.. -
= к Е
ИЕ Е еее"". р ме - РИ Е И
2 2: УТ Я 2 Сы ЕЛЬ =
ии 2 » „--. м 49 у нА"" Ч, > :.
Е ы Е М ет о о а
о ны В,
бя 7.289 ; о # ый >’.
ис. > ни, .) - РИ :.
леы ео у Й 4%
"
1,"ЕР т. Ге
‹ № Байгельдин
Г ‚| Игорь Петрович
° | | 37 лет (1984 г.р.)
С =. “ г. Кукмор, Республика Татарстан.
) 30 сентября 2021 года уехал на автомобиле
| | 1 || в неизвестном направлении.
ь `ы “ Приметы: рост 183 см, нормального
я телосложения, волосы светлые, глаза голубые.
) - Одежда: черная куртка, синие джинсы, синие
а кроссовки, черная кепка.
о
о.
ПОМОГИТЕ
ЧН А 7 | т |7 | Просим сообщать любую информацию по телефону горячей линии:
ЧЕЛОВЕ 8 (800) 700-54-52 или 112
"
0,"=
= : —

— =

иббока
"
0,"ак | ,
7 - ЕР
к: 5] з )
5. з * ь р в
- МР и
Е:
у ё
Вт а о
"
0,"а р
Я с „ |

ЗИ 3 №

Р- Г
. К”, |
й = О

У
&
2
"
0,"в ь.
\}
а А у
ы 5% ы )
: 2 \'\2,
р“ * ХХ лв
р а. и @Т & З # р )
к. © ЩЕ ШИ №
“о |Е МЕ | 29’.
А | с |. `.
Е й р’ 7.
| 87» |? |” 00
У] № > М
—_ Е я
т `жа р 7
"
0,"2,
ж 8 7
м --
7% © > = А й {
би» .
22 )
РИ
7 № >.
и 1 На
о. ‚.
И. —
} — я ы
ЖЕ р —— о» ы
"
0,"мт 3 ЕР ‚т РК 27
Ве | |
Е гг” | р ‚2
|” , 9. $12 : |
А В 1 ыы
68 -< д
‚ 1 2. .#“ та -_®.
Г ле 9
—, а А
= | < `. Ки
„РВ
Сгеавуе моек \ -
т 7.7 Мы \ - эк
: \ и” ^_
“т 5» О УР о
"
0,"| т ВА ео:
ААА о ое С |
"
0,"в. Аа г.
7 а
5 ь
ь м
\ \ 5 х
ЕЕ
"
1,"ет, №

пи
че И .$® 5 —-
И о Г 6.
г.Малмыж ул.Чернышевского 11
"
1,"ГАЗОВИК =:
г.Малмыж ул.К-Маркса 8
"
0,"у п |. у м Г}
ь
"
0,
0,"к, * я = Ре ром
8 ь 5 а, а КУ
. ГИ а ь ы = Е в д. |
АЮИМ ^—
НУЖЕПЕРО
ль.
"
0,"# = - .
== и ы ;
Е е © 3 ® ЕЯ л
й С = г ©
: =—4 . ы = © -
_ ЕС АЕНОЙ. 2 22
2 2 Е к >) =@
я < ® 5. | — Зб
же : 2 <
| =. # | о у
> я С % м „1 ы
Я ое Е ы
ет» - г. 2 го КС:
фа ` ы о
в=° _ ЕЕ
_ м и ® /
Е > ® Ь 2 .
@ >
7 ||
РА : | :
я \* . ‹
я А р. 7
У .
"
1,"| продам
2 пачки
ь 3
№ серии: 08034 00руб
‘ата изготовл: 04.2020 г Е ""
а о Йодомарин” 200
зоодлетох повы ИИ
[< они _|
Ме серии: вого ] - маи
‘дата изготовл.: 03.2020, И ны
| полом 03.2023 Йодомарин° 200
в ны
"
1,"платье бордо
50р-р
500руб
м ЖИ
А А
й
И
а
Й
И
"
1,"СРОЧНЫЙ

ВЫКУП АВТО

В ЛЮБОМ ТЕХНИЧЕСКОМ сени
о
_ р ана

8-919-522-12-17] у а

`8-922-933-34-43] —
ГА @2 1?)
"
0,"Зи ААВ

ы их ц: 47.
Ах во
. у А\ НР

В А. й

: $ КИ ИИ }
о НИИ
Е ке —
Ра. | Ре =""
А аа Я Е ан 2 И, й
М АИ а: 4 ки:
ПВ = в ПИ Е о И
Е О И Ник И
а Е. В т а тт. И
г ИЕ Я |
кН А и те И
НР АНА. ИИ р
а м и.
ям а 9 А И м Ув
Е

Е.
==. | НЕ а
м Я }
- =. =
= И. Е ЕЕ
^^ ВЕН =.
= == ее ВЕНА = = == ==

= =
Е = ==
ЕЕ Е""
"
0,"] 8
Я - -:
. = < бам
| ыы „3-5 = ВОО
: & рые <
} я — 927"" 2 к ие Зы : (Е
В Рае
НР мы : т -
т ее : РНЕ Е!
з = 5 == АН = | | Е |
м АЕ $ = в, ь т
ме. | р
| 1
"
0,"Й еемонз
ЖД
"
0,"аи ® у.
в”
Е. и
Ро а
.
"
0,"| & —
к `
: ` . +:
\ и и’
, # ыы у $#
15
# ‚, ® Г {'
а’ '
&. Г ВР
- >
АХ а < \
ох ) Г ^
Е Е % . 4
А, фо
. 1:7 А
| )
#2 „7 ых А Я
р/./ ды м ы
Рай 4(—
\\ ПИР 3 54
МА 2 тии = 7 $: те
А и ее.
А о, а
А \_ ` ИЯ и 2%
А Е Е"" а - <:
"
0,"эх =“ в
к. те
ь ё г.
м
® !
, 5 4
х
%
}
меж ВЕД МАСС 5$
ЕЛ ВУ МИВИА
"
0,"И |0
шо С АЕ
К в. о я
ох АА Вет Е Е аж,
Ам аи о К
м. а а и
меж ее К НХ 5. ый ра жа Ио
ь г хе со а Ум Е ты
му ре Ин о ве р
ть $7. ое к ро ея м г)
м Ре""! ОТ С о ах
а мое > м р
И И 5 РАК И: - Е ая
ии м р. «в. Я. Я о РА а
Ц р ме р м о Зы: ее: е`Ъ а
\ А >. р ф 9 м. оч о Е
С - А ь Не, й Е ох 97»
с ме Зы Ух , ей а ви > а.
ие 2 АИ УЗИ х Ве Е
ль и: ——
АИ ПР мя ря а кор а
Е ок: я и о я
| Ве и Да: а И Е Я т 54% 1 е-
я 4. > т оды их 2 Не у
> р. м и и
а а р ть о
| ее. т. о р
5%; аа р В ОО И а м
О еЬ"" о ЖЖ АА и р
г & р а ея ме о м Е"". я е С `\
ый в Е 9 ЧС Г. т Г н
р а. и. | м %
а 2 Рок 3
2. Й_ о. о а 7
> ый ты МЫ о и и
: й 25 ео ЯР
а Я Л г
ом р. Е К ы ее т.“
м т оо т у
р: я. о ее: о ме и
а- Е ыы те о ме и ъ
Г. о о а ой
К: В, о и о м а
а с р: >
ОР иже и а бы а т
"
1,"19 октября
Дом Культуры

Состоится
м. А
ЯРМАРКА №
ПРОДАЖА № 3""
2 1 9 |] | “
женской верхней ”  №/.\
одежлы. дк й № }

пуховиков, танкеров › мл.

женских головныхуборов. К |
Ждём вас с 9. 00 до 14.00. о
"
0,"= У
= =>
Ру. № Е.
= & и
4 \
к =»
"
0,"2%.
"
0,"р
к Е
м Е
Вы: у
к < :
к дань, | Мы /
№. { М =) 2
и. ""4 А МЕРУ |
Е = ` , ь
И р рке. 38: и’ ь.-.
Гр сх ВЕ, = #-_ А х,
| АЕ 7
абв. : не” | | я бы И
м - —_ м
5: }
ыы я, РЯ И т |
| | и “ } зы %
‚ ч
| |
"
1,".
# о — 1
| в |
|
| м |
| 8 ок1 | |
й =
И]
Чажмите кнопку к
«Домой», чтобы Я
разблокировать З
К ь
Ее
"
0,"м.
а ь р 3 - и
м 2 3 ой "".
Н Т% к и т
сы я чи у
ред жаНе.. “
И ий &:!
ор : # `&
го Ч.
о ие Ая Е
ооо |
в о а Е И
ОРС АТ И 8 С м
р й ИР Е ИРИ о р й ей р РИ
я ей И АЕ у,
И И; й' К ( И 7 й) }
РА, Е: 4, и.
Е И
И! ‚ я
е 9-й, Е и, ТИ ;
/ й ИУ ий 2 КРАШ
- у и ИИ
й } ] ‘ к
‘
"
1,"О И Е ОР 932 ЛЯ еь УИ 0
. |:
-|- Ты меня больше не любишь |-
| - жалуется жена мужу. Раньше |`
` ты целыми вечерами сидел
-| напротив меня, смотрел мне |
-| в глаза и держал мои руки |“
в СВОИХ...

> Но, дорогая, после того как |
мы продали твое пианино, |2
я больше не вижу в этом |-
| необходимости. й
соешные © АНедотя
"
0,"3 | $
в .> к.
ы ве Г \щ | } к}
а 7 р = | \ | ) *
м. бт У. , ы
: у 53 и _
5 | % "" ы 5, р. ‹
ы = ` №, с = ьу <
"
0,"9. о ЗУ ть и
т. ца ПЖ а
ы и. ое т о
и Ея РИ. и р отт. .
ый р а. г % и. В и о о > = в аа 2% Г""
й мех — ее, г | т с аи РИ:
м — й: и о т. А ь о г 2 и И И к
И. о а и а. Не: 2 р
о, Г ри. А не о. х
ь —. и и т а НХ На т Е р
, о — а те о т Е ь
р о р ат
а о. о ь о ть
р и аа
о и а: и _ т
у. а о
С а р : о о м =
я о а 5 з о а - г
ии аи о ие и ее ЕЕ"" 2
ны е у о см и а В :
ве аа С м. ПН а
х г С и = ыы о о р о
‚ р в а
о Г НЙ т п м а Е >”
а И. = о. ыы
и о Ва. а нЕ. Ре
: Е м м и ом а
$. Ту ее Е п Е: ги и -е К а в
ое к же, ое и а
В | в < а т Иа. зи в Е
Б. № тя 7 о сы :
о И о о И о
о ы а м о а. а. о ЕЯ
т Ая о
. и Е т м ри
о с а р о г
о а ле и - и.
а ие ъ : а с
а м т Ве
я и
"
1,"ке [1 <®)
МастеР ШЕЕ
ЦЕНЫ!
®
Е С нами солнце, 5».
ярче светит: <>
г
Пе ое А к Фе ФА
БР. 9 ИА ея И’ а 9
о ^ Аа А [2 т < с“ ох
а в аа ба и. А т. кой 3
г.Малмыж ул.Чернышевского 11 КРЕДИТ, РАССРОЧКА, $
тел.2-20-25 сот.8-912-700-80-90 ТЕРМИНАЛ, ДОСТАВКА, УСТАНОВКА
"
0,"|| 41
В
"
0,"77
"
0,"> ы
в.

| > №

| С

оф
"
0,". т оао еее
с р
‹ у И А а ЩЕ ОР 4
И АРС УР
у < ке сия
,. И Е
`` А оС
то ин та ори ее ы $
ы : О И Ее: ИЕ
} { ` ку о
. ос АВ и ОСАО
Е АИ, а НИЕ
А “а ак И <
т и \ р О
а: 1 ЕАО
г р: 6 р
у Ам ЖЖ ИИ 7 :4 =
ай, = : Е
Е - р %2
{ тк я ® 2 №
А Пе к ав №
ИХ х ь
у А а м Е. к ыы
ЕЕ: Г Е 72а.
бо м я д ах
Я ик мВ
с. Е - А
= А о о
Я Е а
е а 2% пе
ое ат \ ое <
О” ИИА | м _
Рае"" У не
Е ТЕ ен Ее 3 ее.
а О ОФ Е аа НА
С И на
о а ао
с” а Е Е А
Е Е д ея Че а
а А Ра ры и их а и о
Е ЩЕ п оо ее
И 7% а ыы АО
И В ОЛЯ И у
"
0,"д ел
И |
‚ Г [8
'
32 ‚ 9
р р
н Вы
ака:
и. Ета
ь
9 < й 4
А ы Е | Те
| ""> ‚ № 4
ВА \ г
т рифы ; ежа [-. Г
„—“< В ]
а вы —
Ч
: > = \ Е
же ===
т А, ей.
и р 9 И ий, МХ о к) } И С
ДА А О т ПЕ |
ое ; о я й . у Ч й { о к >. р м : сх + аа
РС У @& ОК И У И ИЕ мо та А: т .ы
И А Ая ООО
И О РЕЗ СОТОВТАТ0,
"
1,"ф № Алексея избили отморозки
)^ а В"" У Диагноз: тяжелая
ПД ‚ черепно-мозговая травма
в ое
{ з ыы ‘ 18 |
ь ,
9.
За Алексеем
А: ЕЕ
мама, ей 75 лет
Сбербанк
5469270015467139
Лидия Ивановна Д.(мама Алексея)
8922 907 12.08 псопаде
"
0,"Е
ы г ы
[> <
р“ * И - = н
| 228 >
а ©. р .
№, Эф фе у
} Е:
р аа мые ,
7; Я со оны ь - $ `
7. 2 т Л
2247 = а: 7
ви а у мы Иа ПАЗ 9
Ч . ко А № лы
< = 2х
. - т ‚9 %
Е. №0097 Ир СЫ
{ № 2: ТОТ И $ 2
к УД % ААА ИЯ А 5
3 АКА { о ух; т №
Е д ы К И АМ. 2
ТУ а а
р м) ‘фах 2.
Че Ч?
5 = РК 1
>. И “ я
^ “
в
"
1,"19 октября
Дом Культуры
Состоится
т м
= 1. оь
ЯРМАРКА И:
ПРОЛАЖА 2 32”
х > 9 | ч
женской верхней 7 с. А
олежлы. д 7.
и — А
пуховиков, танкеров, ма.
женских головн ыхуборов. о
"
0,"р ы | т ый о = Г Га =’ . Е. Е - .
“= * В ТЕГ. $
ый #5 о: -®ы 7’ ба _ 2% 4-9
я я Г |. 2 вы в.
} 4 ^ К о в >. вы рег 52 М>.
78 А р ""|
и в. | г 20-7 аыа,
НН #811 Ве гы —й я ЯР ^ 5
г ! РЕН НЕ ь. В ыы г. „228 к :
ааа Г а же ^ В
у ‚== ее а РУ д м. да О
"
0,"в >
3. № }
: №
2 и _ \
у | ГРАМОТА?
\Ве += | > -
в @: м. 4 }
"
0,"7 у
= Е 5
Ра
ауди 724
3: № =
'55- ОЕ
> 5 %
„ < “г. |
7 +1 )
я .‚ що
. =
"
0,"ЗУ Юм м 7% ры
№, = ыы ме А, Ч Сл д
\ А : р зе ре АЖ й ба а у Там =
а ПЕ А р:
я Я 7 1 АН Й| й. ы ИХ р е ней Ни
а ИЯ ки Е о ЕЕ: а
АИ С ]  — т. р в
к | у Е у . А И. \\ и = а. з
ы и вы. \ а
Хх = ‚ежи. ний ой д. ь и. \\ в_
М& р” \ \ = < |
а — = ны \ отр
ри фа ИК
ини й ® Е ут =
- = 2 . = й + р — - й = а ее
"
0,"14
5
>. <
Ка.
== 5 =
| = С С - \ м
а = =: — Г — т“
| =: =
в | |ык | |- №
Г Е Е -
| | Е и а С
| И | ГО а МЕ
21 — | ГВ = [и —] Е ПЕ
| р АИ Е Бань:
=. | воре 5
ии"" т ВМнвиЮ
Я а НН нЕ
Е .
м ^^ 1.1
о а
2х. й ыы р
Г Фе л.: м
МУ)
"
0,"<
наи т.м
па * $
тие - ЧЕ
— 4 х7“ <
й Г А на
ь = _ . Г
) +11
^® й м
Ч < > |
"
0,"- КН
Е"" И
я ОКОН
Ри Ре ИЯ
Е
м ы НО
уснананания
НН
НИЯ и
` ини
$55353 3С5: ини
у НЯ
ИНН
<< еее
Е: 7
ме ее
№: Е
—ый МАЕЕНИНИЕ 4
ыы Е Е
: = а ыы
тя ЗЕ ЕЕ —
"
0,"ть о ти те в. а.
Е о В
в
= р ре я
„р Зе =
5 г Г у зы У 9
в Е г‘ ие ь
Г. в а : Е. Пе р ы
= ре о $; *
р Ра 58 РЧ
ы ы ;
8 + че ы
= | № ы
а - я ‹
у. м ыы
"
1,"_ Для тех, кто думает об аборте —
” Здесь я расскажу на своём примере, _
# что Вы принимаете в свою жизнь №88
_ Жени о
"
1,"РОГА ЛОСЯ! ОЛЕНЯ!
МОРАЛА!
Куплю пух-перо: утка, гусь
Старые подушки, перины
>| Обмен на новые
р Звоните
р ] 89229975777 |
"
0,"=
№ [7772 4

>.

И ; гы
"
1,"ГИ
Кинотеатр ВРУ И
\ 5 № 5
Ап елт \ ны / ФВ
\\ | вето — 5 )
Е , й \ смен — | © >
алмыж, ул. Чернышевского, 3 \ ие _
8(83347)2-04-40 \ Ел мы
Расписание сеансб „< п
14 — 16 октября, 20 октября
18, 19 октября — Выходной
Начало Название фильма Продолж. Допуск | Цена билета за Цена билета за Цена билета но акции.
сеанса фильма | орикля ма ел < «Экопомная срела»
фильм | (Будние (Выходные 20 октября
дни) дни)
10:00 | 1:40 | 12+ | Зор. | 80 р. | р.
иво | Веном 2 32 1:50 | 16+ | 120 р. | 140 р. | 1900 р.
14:30 | Попиеттунтень эр |250 12+ | 140 р. | 169р. | 100 р.
17:45 |и план] 1:40 12+ | 120 р. | 140 р. | 100 р.
19:50 Не время умирать 32 |280 12+ 180 р. | 200. 100 р.
23:00 | Веном 230 |180 16+ | 160 р. | 180 р. | 100 р.
Е ы СКИЛКИ действуют на все дни
кроме акции «ЭКОНОМНАЯ СРЕДА»
© и КАЛЕНДАРНЫХ ПРАЗДНИКОВ
КИМО7АН.АРВЕЕ
ь 5
!Скидки действуют при предъявлении соответствующих документов
Бронирование билетов по тел.: 8(83347)2-04-40
Соц.сети: уК.сот/Кто7а!_арге! ; ОК.ги/К 12 айарге!
"
0,"1%
||
|
|
-) а —\ = > Е
№\ Ве
\ $. >) >. <
Г. ``. ``
=. 3
"
0,"м С, т о
229 и р т
ь | .
а М
у \ ИЯ
& Хх №
% <
в № р х > бот, ""В
В% с ЗАО < — и, к
у а м, № р. М
Ка = и № \ м Хх Г < м —
№ < ” К---- т; й и М \^\ . Я г №
\ © и. | а"" ы
` ® в. пож : >.
в и ® а) ®. <
о ^ <‘ 7х ® ь -
\ < ( 1 —% 7
.Мщм
х Р\ ®
< ®_ р
"
0,"м — ы

а ах \
ых | < Хх \ о 2 А

м С = А \

‹ Ч м |
А | в
Вы ть
> 1 ча -
Е [Е[ к] ХА
Е“ Е - Е г < И 7 1 | . ит не
Е у —
\ ВИ... >”
4% 24)` у а ааеь
Е О
"
1,"ПРИЕМ _
ГРАЖДАН!
"
0,"РА . Чи ь си. НОВА 57 й
в 20 а о № я, а Ра Е да
В м а Е ое НЕ
але ь 5 ав: : =>. А ое: о : и у . а А м В
ие $ р, ея о Ир = ЗыйВЫ`
ь 2 ВЕ О рвы а РА # о м
4 р тя а И с а. к фе ве Ри И
р об ва и ре т а ря а РИ я г ие Е м Е %.
В ПО и. м | т о . а а ен ий И
тн о. ыы И а фи СВЕ ее
34 ь . АА >"" ИФ ‹ А “+ ОТ Е а че
иное Зы Е | ВА чи } А к
м о ТН м НН Им ВАА ЦН
И и ИТ р % т м У О м
и а о я и
а т. —. м м
: = ыД ит ет. м М м м СТА.
ИХ 42 г’ РР . ь
} | | | И ? о"" ре РА
ы у у у ЗИ ое ых:
| - _ ЧЕТ на
"
1,"ы т 4
№ > и.
Е = в» №
ИМАЦИЫ: Кай Р—
_ ВАКЦИНАЦИЯ =>”
— ди вы ИЯ й/ щ
а ве 7 >
®, \ ь. р С $ :
1 —— * лы КА Г у
‹ &\ => 2 АУ М
` >. У
й о
"
0,">.
Ре
< А =>
"
0,"ыы Е к: и з
ы УЧ Е 3 - к:
вии ОА
УХА
те.
м
о
И ОИ
7 Хм 2
а
ре"" хе. м
Е г
ее о,
ь и.
о Ц
\ | АЛ
Пе ЧЕ О
И | — 1% с о У у
"
1,"Ш ЕЕ
ТОРГОВЫЙ ДОМ т
=:
© 3 Г вов (> 7 #2
ь. Фея Е и"" г д №
дер № 7: 2
7’ Ра СКС

МЕБЕЛЬНАЯ ФУРНИТУРА

ПО НИЗКИМ ЦЕНАМ
г.Малмыж ул.К-Маркса 8 — т.8-912-700-80-90
> 7 Чи \ Е

_ 2721 = —ваю! А если найдете мерИРАН
Иа 5 езинет
"
0,"ь_
\
\
Е С =—— ие =:
>. 5. №\_— [п
Г о яя и
в \ 5. о р ы
Е В ее о :. 28 ы
м я: та ВА - —
АМ ея й к
3 я ме а
| с ‘» ` < ы р 2
/ =. у в } ых : че. |
ры и
го О а.
А {\
ря \
бет р и. : у и,
еее я И АиНаХ Вт
не ГОГ К : ь
НА а
И
И т Е АО
ААА
а
"
0,"/ | м“ моб. —
в Е й р
а ТЕ. .]
Е ма ме. | | ГУ 1)
4 ИМИ НУ
м й |
ви,
1 иг.
И На
И РРР
па | ей - Я |
НТ
и во 38 т о
_ Е] в МЕ
м. | В Ма
г ме” У
Е
о
Эа А м:
И
п ых ое
У : ВО
Я Вл ры
к
; от РоеХа РАО ^ о № м $ )
"
0,"\ НЫ ®
1 5 цх
| (9 \
м еж зы О _
реву 2 \ ь ""к
ь | +6 \

Тх И. :] |
Ш 4 [2 х\ |
_ об” .

и >> Эа - жк, ых А

д . 2 АР «о 1
1522 > и 7 я р «х % т \
но у. с ==
5 АМИ вот 4% } НЙ
2... МА’. [7% Яо % \ о.
ки Я { р а рт } № у “а ы
2 И а О...
р А САО"" И м
А А В
во и
дАф\ а
т а.
О - и
"
0,"9 т. и
2
р. а | р > >
= ы
— в
| Г ое аа ©
А
аа о т Р
9 52 \ (в.
"
0,"них таз Е"" а
ааа Ел кей т. АА $: и: ЖЗ
ОСИ р я. м и
о м а 35. 2 а м. м
а р Зи а. и а р _%
ао а р о о м.
о АИ а т ое кН О КО и
18 Иж. а м В ЕЯ а ле Ре: ры №. и ЕР Уч
В т. т ре а КО © м
5 м. о. ИЕ ЕЕ о. 2
>38 а и ь АА о Сы а и о 5 о
Е О У 7 ко Е мы а о а к
о м а иг эх. ие № еж"" ик и $
“о а |. м. о ты а 62
т. Ге ва те Г ия — ее к к: 3 =
0-2 У. и ее о к ОЙ
* Г о о.
ао ти _ = а а ее т Ё
И. о и ы _ ее о о
№ о М А ый
2 Я И и т о о ее ‘ла И О `
И, ем Е бе а о мы = ух
о а —. т а К. У =
ты: о Е а а а ; - -
и - и. В о. о аи —
О АРС р а. > о Е: ЗЕ и Я й 4 д
я Ра о, о ва и. ое И Ч
м. в и а 4
ЕТ и Ч а Е Пре
-\
"
0,"№
И |
ее
Ч АМА ЛУ ч
\/ А № о“
м м
к 7 \ ти № МА № \ \ р
3 МА А АХ
- | ААА № \ ММ \ А. % \\
я АА \\ А \ МА \ \ № \ \& А
| \ № М М | | М ‹
м АЖ
АА ТА
Я м \ й А | А
ф | № ""ЗАВ М \\
% №
` И
} м
2% г)
ФЕ №
ок: 2 Е. 6%
"
0,"= ‹ о
в тж
м № У _ М
"
1,"|
— В ВЕ р
че = ""ИА
ГЕРМЕС 119
Е ИУ АМИ
= “ ТОРГОВЫЙ ДОМ ый
( } ди ле
Чл ь >. Е <=
со окне 6
< ® ьЯ 7
р \
г.Малмыж ул.К-Маркса 8 КРЕДИТ, ТЕРМИНАЛ,
сот.8-912-700-80-90 ДОСТАВКА, УСТАНОВКА
"
0,"ре
\_ 4
] а
= Г
© |
# г : |
ме |
р |
й
}
й ПИР ЗЕ
у
{ : : |
р а №
г В
"
1,"а ь
они —
И: Набиуллин Алмаз Рашитович №
. : ИИ
а .
- - бе >
ы а }
2 К <, ВР
= А ЕЕ
ее АН =: =
к. _ :
Е ===
в. овА Е
Е ТРУДОБАЯ =
я сы =
== НИЖЕ =
"
0,"ЧО ВО ыт Я Ро Л т °,.
о Е о 4 ЗА А ОР
В а Ух А, | `.%
и г у ам У а — ы о. р: |4 №5
В М Е
о нА ие .й- О а ЭС ты
у ит К АИ а ЕЙ ыы че
АА о Е ра о АУРА
отт и
А к и: | вых одащьк ут
о а
И О ЕЙ р ЧАС
В \ У В НЫ
ре М о. \ Аа
|
А. Е
и и
ен ^ а ив
Е. т я а
и Ре | р а их
и | о С.
Ее Аг На р
м Аа И а ие
Г Е 1. и а м а
С ) р Е име я :
Ц
и м м
А о, а О И У
и ани . т ак
Е о а
Са ы ЕЕ р а
И р Я рик 24 С: е ь, 7
О А 3 а Зи ый
О Н5 р р м""
са И ЕС Е
а ааа <
ан А НИ. авы
к 2 пе ме си д
№; И Нч и оре 3 ^
Зи”, м: гы чека Я 55а я Ре
ея У поро жыи
- ВА.
Е ЗЕ оао Ра
Е ре
Ая сх
2,7 Реж ^ ь я ых
4 р,
"
0,"1 <“ Ко ‚ У“ 9“, 34 ЗЫ №7 49
ох АЗ. о, ее ° `В >
ох № АА № № , ®, И ^, Кое 49
съ и НЫ ре Ром 5 2% 7% © С е
м: & 246. о Зы ® 7, к О У А
д. от е и а и ТА | \, $ ^ © ; ев, .
>Я | и | о р. < >Я | и. р.
& Е: а  \аИ”. | лета : и
че хе . 54° бо Е 78 ре ре"" 7
РВ < | |. | МЕ Е и овеа
ь : м Тм д : Я И: Е в
{3 5 ь. Ос | ма (Я а А 1 Ра. ы я
ь г = я ое | й ы | Г Г ит"" ИЯ 4 12 мы
бе и? | а р а вых.
у ты | и | а ь И ий
ве ыы & ОЗ = 4 ыы ве к. и т
ВЯ — о чая г»
®. `Зере. 22) | 7аготина ВА И
95 А а : ЙЕ ‚фа.
«8 — а В ь се В,
` р ан
Ре = \\ № а
Зы у < и. И. >
т : И т м С, ча
>” ; и ит 4.
> а. а о °^., м
_ ‚. с Е м. х 3- ""Иев, а вы, =
ее вы «4: к у
а в у. ыы №. |. г
в. ое ‚
"
0,"Зх А ПУР ^ ОУ ы > 5 РС
А А й Я
А \} м, д ;
| У | НЯ А „’ ИА
В | У | р И"" и и.
` ) в ао. 4 ;
Вай м м й
о ОЙ
ОЕ
} к. д ль. ЗА Я.
а Же
№ мы и. ЕТ. А
й ` га
м а. м Е” %. о.
| . у = оо. _ т
м Зы 3 ме Ее д я г
С чате м > ку Е
> В. .# м м
р , а.
м о а Я г
й и Иа р.
В Рь ы : не а
ар
м
в. : м
р с» }
-] м
п эй
с р
о
о ее о а
а .
а, а
р Ре =. м ще Е
Е Ее к
а >
И о
а
В
Г ет, а СХ
р НЫ а
й м. + й г $. Чех
же” к: 1. ‘ АЕ а
я 4 УЗИ. & 54 © т ^
"
0,"— . |.
а ь
Е м.
о в № в мм
о И, у АМЕЛЕТЬ
о о ООО Оо
о и . ВЕ .
_— о о — М = в о а ое
а а в.
о И
а ее
ши а
= а
= м
== ви . и —
о = и
о он а. а.
Я = о о а
: . о
и. . а й
и о мет
= о  — 1 \
ОДЕН ва | а к ты я ]
‚. ВА ВЫЫ \ 8 &-- о
"
1,"Малмыжский
краеведческий оппонитиниианинн
музей
› == з
р; <
и в).
з ;
ь й 2
й м, я
й
`
“>” _Ю
Г, Ч & а ых * с 2
/ р ю_ {
; ы. кг: т. и. 5
Л в Е : |
4 а: ,
м: }
ть КИ
ь р ны
1 А
в | © в > `
РЕ. ^. - >. ЮУ за
‚. Ва а К
о № СА РЕ В
а: Ом д
. м 5. 1) “ ) \ $ м “
"
1,"Чит, ОБОИ меё

у ) у [ ма ЕР

о 9 >

м КОЛЛЕКЦИЯ

С. ЗИ воле №

7%; ‚м 500 видов 120
облил.
"
0,"й |
| |
— ы 7 ^-&
. 2 | 5% › , д ь
= - а 5 | У. РА)
==
= | ЭР
1 ше.’ [ х
| 5 >
В: ] < а >
р’. А ©
$755 ы* 7 фк
а
м ох `
р ры 22 У м
рр а 3 С
| ги СКО Г 42 \
У
р. -. а РО
ДОРА Гы рые
"
0,"_ № —

а - ге. о . > - -
: =. — = - з о Ее о: а
а: и = и а ве. о. м че: ее е
Е Бе. о ааа""
08. А А ь
о
г У ы в о В
Е
Е в т о. г — о а. А
- #7”) Зее Ни. ” я. Е Е в .
оо
> 3 можесАМЕА 07°. 2021/5724 18:56""
"
0,"лы
ч
4
= |
Я 2
>25 ре: давегае 2
1 ву.
Ь в.
р; = > * > ый
„рН фр г
> сор
и р"" 54 Е г.
"
0,"ЕЕ
=>. у
4 ВР” $ ы }
3 "" 6 ТА РРР Г.
э Г
== ` 2 № че”
жа 2: р"" р » ь
. Е г _ А
в
Ра ыы
"
0,"и
` Гы |
а
чй’ =
"
0,"в .
Пи
"
0,"Я о в : га
р ме г.
г ЗВ моло
в. ра
{ = —"". ”. 4% ТТ аб
$ ебраь и... Г г. ча ы а к ч
| => ры ОК еь о. —
р р"" © > ‚ \ ,
: у, <
р г | “% А
а и в ь | -
|| -\ \\ а В а -
| : а в ;. К т.
. ыы ое САХ С сое Вы
Я ь в. № \ | ` \ | ы “
{ я 2 Е С, ие. _ \ |4 ` & } &) И
УЕ: в. . ®” | В
Я . 5 \ й ТЕ №
и Е к ` И ]
Не : с. №. Е № т
| ) о №” и з
в \ м). м Е
ТЕ \ \ ль Г г
те С
} ь. о ми
и: \ р
2 $ м7 к. |
ь хо № 4 те
ь =: НОЯ
д ВВ В
| р а ыы =“ к # а
ей у 2"" аа 2” < = « 5 В:
"
0,"*“ СЫ далее Я ""О
‹ в их
Иа ФАК
д Р.Е АХ.
иди Е АВВ.
д ®. эвм Зе ®
| о “ ‚4
5-й че я = а
« | а к :
Е И Аа
. У
к""
"
1,"Быстрый бисквит к завтраку
’ ` |
: > о |
“ ‚”\#^ ``
Зь. 1
и == |
> = 3 |
ПЕ м = д.
"
1,"Мужчина упал с 9 этажа в
Нью-Джерси, приземлился
на ВМ\М/ и выжил.

т Ра а Ш 7 М
п 2 Мм | ЕЕ: бе В ""и Кс
ти ааа ы шишы Г —=_— < } Ш а |
а ав `` № мм Е
& >> А РЬЯЯ | = й 57 Ш - я
«А ‚м 4 > Г А. } =
р ыч-
Ре ®\ 9/9 ох“ р РР нь
о я / ’ у ой 8] |“ >

Е / ГОРА РЕ > Ч ‚а
м7 2. ЕЕ.
2 9 А АЕ р ЕЕ
_ И а
о, к о
АЯ вы е 2-х ОА Е РК 2 А Е вт
й о.
во \ кое а ЗЕ
"
0,". } ]
че ры |
Е А
чм ^\

ва -д д >.“ и»
Г д а К
О ое. | ча
с о уе"", о даАаЕ — ва
о, РИ 5 ее < ания о и \
СИ а Аи — В Ша | Зо
о: Мес В
хам а Е, \ т МЕ | } 1%! 2.
И 1. М те
Я . 4 с 1"" = | п м хз”
а а СЫ М
ем
И ы Ге В И — \, \№
| ДЬ | И } и ЗУ Й И == = == |
ВЕ 12 НИЕ ны
И а ПАВЕ ИИ ВЕТ
"
0,"и &
„я
и} ре |
8 \ 77 Г г 9 ы “— =
<*>. в—— и }
ь ‹ 1 Евг $
ИН | у
ПУ Е 53 и к. а и - ча
й ау: М .
| пы 3 ив
ДЖ >. 4 в... -. Нк. -—° =
"
1,"= тата. БА
_@ 2 2 ЕФВеКоЕ
| В = че = 2 — <.
| $3?^> Фшии — Тал —
ПФР не
| СИЕ СЕЕЬЕЕЕЕНЕЕ ВЕК
72 = бани ет тя А
| 72 И», `—
5 : т в ых А = =
Е -
полисъ Рони». ОА к ВЕСИ | помо // отбИва
з & бы ит ме
НИЯ ве № маш. = Д.И
злстаховлиния омих |9 р -” ие = р"" пиыь ДИ
ПРИ зб. о | я ютвыь И. -
тои, 1 ада Ре
В Е дань
К а. © = ЙЕ
прпдолонт квит м” 7” ВОЗНАГРАНДАЕТЬ ЗА ПОЖАРНЫЯ НЕСЧАСТЯ
по уставу Общества ВЫСОЧАЙШЕ утвержленному въ 1858 тоху
ОСНоВНыЫЙ ЕАНИТАЛЪ
2.000,000 Руь.
пт ло золы 3708000 27 заем ими носки туд ее
СТРАХОВОЙ ПОЛИСЪ пыли» ор 774 ера мои фола
Не и а
ое о
ный р” а о Обливанит 9 И ра 4
< ИИ Фи ребе, пре аитурнит
"" ДГ 2 Фмели д 7
с ЗРЯ буди
ь У 9 бош края. фреона
г Е, ИЕ
А Феня
87 24/4 пу унии #8 2400
9% 4 АР
послу МОСКОВСКОВ СТРАХОВОЕ ОТЬ ГЕЯ. ОВИХСТЬО, «тичилисто молит женя лис ный ито ооо тн
сожрет, ша ло пвьм, ВЫСОЛАЯШИЕ приз у кет ря у т к анис отлета
пет жи ие етим =.
в а
"
0,"=>
те „© д ‚м , *
ь ша \
ИУ
>. > 2
ы И. фи $ ) ,
ВИНА —— ИГ
АД 29 2% | _ А
Пн # И
Г’ жен ^ УГ”
би № а
я 9 ух =
@5-».
"
1,"22:48 ги © 65)
< —Отелефоне
Имя устройства
Модель
Версия Со!огО$.
Версия Апаго4
Уровень исправления для системы
безопасности Апаго4
Процессор.
ВАМ
Память устройства
Номер сборки
Версия прошивки
Версия ядра
Статус карты $12
Статус
т
"
0,"в
\у
\
у
и
ПРИ ИАН Я й
И ЕЙ НН й
| _ . и
И” ЕЙ
й _ а
2 т.
| ^ Я
й и
Я о
| 2 __ __
|. о
_й И _
и. РИ,
о № О
№ И,
я ПАРТИЙ
м о
1 Я
7 РИ И
‚ РИ |
: Я
Я и
й ПИЯ
р: 77 ИННА
И 7 ПИН
в и,
НИИ ПР ПЛ
— И и 7
о я
РР р И й
”) и т
"
0,"= р =.
> са ва
РГ `
"
0,"ААА п СЕ

те А А Ц
а. Е.
а КЕ > 2% м Е. И г

м т бе 2 Е. ] з

о. = о НИ = - : а
о не
м . №
м ОА МеВАО, Е а Аля И : т ; х
Е о = бе = ый а
РИ. Е в а — с.
о о м
а м Во = с о Сы
О < В
т а ве Е т
рю .
ты И аа маы &: п РАЯ ера мя : : о
о еее Фа, ыы 5; ^^ ся — МОЯ С За = 75: ы
А А 54] = = у = Е
Я 5! № — А о
Е Е Е в. Зе, ас
= — а р
ЕЙ = и И Пе : #8
а ЕЕ ПТ: Ин, раза: вым > О жа
о И ЕЕ р и. а а арм
И о О а а
"
0,"/ у г а
И. и ; | и! | № А Та — ит —— ай
жа У Фр: Се к
Аа < Г а
№ т - .) я с оф, № т р = г

+2 5 35 \- й № мы \ Е и
7"" век
„я еее Жо 9 м &
# А е_ | Вы 2 а“ >. р
го ЧИЖ. о хе в мА ЗА №
2 5 у › У \ х. ра ы я р р у а а
А ри! д А ъ у УЧ 9 А а | А $ |
м се $ ЗА | Ты и”. Рь И 1 / % ии
С. а""
ое ЛА ПИЩА: пр Ш... о. 3)
ИА: о к"" у*. \ ‚о м т} ` 28 и „$. $ А м
А 1 уе р # 5 ЛА А 5, це’
д: деи М ий"" |. 5 И’ \, т А 7 `
МИ а ИК м ме ы. а и.
б м вм 1 пе Я ло м т У).
2 № т. о р ро: ГА д Г» ый А | о А -&
ГА _ 24°, т ы м № ХА аа | щей ` 9. о
Е | АИ М, ыы Е""
® ` %
"
0,"ий : за ^ р
ЯВ 2
р =.
Во 3“
А
| ‹ р""
и вы
"
0,"- ее ь\
_ №7 _
. >
.  —-
"
0,"> < Е:
$ - о’ —
ева ны - Я
в ^^
т. ` — Е: 7
я > .
2 > —
о А он .
= —— г Е [8
о
> т =
` Я =.
х. Я ый >
й. . —_
АЕ г. _
: #:: №.
- : х .
о =
у | | — у ;
2 . а. : ы
Ра
| ы . р
и ` тм .
"
0,"\\ < Зы ДН я
к ум кои 2 №: =.
о
С \ В и
—й \ а
""№ Аз |
-` У №
= к. в. . ре
ь | В. 427 те Е. р
| < № 4 И
й а : ——
7
"
0,"р"" ЛЕТ А"" у
я УФ
72 = 27 2, 2 2.2 \
о РЕ ВЕ ""у
— 2 РА м м эь.
РА -
$. РИ 2 А \ Ру
“ Я ; "" а |4 ^^
#”^ { Ра РА . р
4 \№ ы А
/’ / } И ,
>. — ч # ИЯ у’
> —< и /// © 7
А 2
Я о. \__ Щл.
м к. У — к г» же
УХ
бе | № + ‘аа
$ ( ”. р.
"
0,"> - =
“ д > А, =
- - ыы Ч „>
-^ ар ай
<"" к м -
т < ий. . а
: : С, *
ы. = 298 № >
` <. ы Ру =. + 29» в
; > = Е
$ | в
р „3% 3 4 ь
х 3 , .
` >. - и м *! *
А - ве
\ ; {
. <... р а
с Ш: = ‚аа
Е “« _ кт
- ‘+ А ра С о Зе й
ак ^ м г.-2 “ <,
22 вые и.“ =? °. ры о ВАСАд
""р - с ‚и а ЕЯ
25 4 - 2 к ча Ве
Нее"" ®осу т НЕХ:
+ < ЗИ ВА .у а >. 3 —
5 94 5: а: А
сх ПЫ. <®- 8-8 За
рн: 5 >
й я < -«.
вех г” = У ›
в... о . ны:
ре 2^5 Е << а
кое = м ал в ЗЕЕ
щ&. ""- р = 2 ы “ 2% >.
9 м я Е:
ры м вы >:
РА 2 Че, а: 9
т АЕ
-*) эй. >,
ча хе г „= Е А >. А
р а ПРЕ | №й. а <
"
0,"р п < Са |}
и 1 № | ринит
в ——— | й И
| ), |
—
= 2 я
"
0,"Ма. ЗЕ М Ч Уд:
о. 1 Ь оране
Е а 68 | . с
. ‚СЖ а - ММ. ны 2
= > сы ПВ ее
Е А ре их о
Е Я Ш к о ка
в В | Е в
$ т < | =. ь (С
у ас: . | : ый . м
о а ры т д ра :
Е о = ыы
Г м “
У. > зал Я к:
с РА. 72
Е © > [8 ака ^ { $ ие
с рн | : о
А. № аз и \> ее
я с в
ных уе” ие | а:
У № >
И, 32 28 С А _
_ \
ОЙ ео А
-) а ] р
“| | , ыы
Е в. Чак. г
Г г. Е: * в в
а р
он т Е м
|: а о м
ао г
С Ч в.
р В Бе }
55 ЗИ А а мо
т. # . и 7;
и, с м #
ие 2. ш о
<. о, а т. Е
"
0,"—_ © _ - > > >. т \ _ ЭМ › | 4
—_ к Ам
9. 5...
№. о“ п“. аз у
ай. «$: - “  % »
И 9 № 4
- с Чо У щ <
— а № 7
= <
"
1,"ГИ
Кинотеатр РИ | и
А \\ .. ху
Апрель МЕХ
\\ овестоя ил )
Е В А \ СОДИ
Малмыж, ул. Чернышевского, \ Е
8(83347)2-04-40 \ г | А мы
Расписание сеан. о до |
7 — 13 октября >
11, 12 октября — Выходной
а Название фильма Га рта ааа ты
эе филм | (Будние (Выходные 13 октября
дни) дни)
09:00 ФиксикИНО.
БЕ
10:00 ФиксикИНО.
| 11:15 | Веном2 |550 16+ | 100 р. | 120 р. | 100 р.
13:30 ФиксикИНО. .
| Не 0:47 0+ 100р. 120р. | 1000.
| 14:45 Не время умирать [2:50 | 12+ | 120р. | Мор. 100 р.
| 18:00 | Веном 230) [1:50 16+ | 140 р. | 160 р. | 100.
| 20:15 Не время умирать 32 [2:50 12+ | 180 р. |200. | 100.
г = СКИДКИ действуют на все дни
кроме акции «ЭКОНОМНАЯ СРЕДА»
© и КАЛЕНДАРНЫХ ПРАЗДНИКОВ
МИНОТАНАРВЕЕ Для студентов и школьников - 15%;
День рождения — 20%;
ъ и Для ветеранов и инвалидов -20%
!Скидки действуют при предъявлении соответствующих документов
Бронирование билетов по тел.: 8(83347)2-04-40.
Соц.сети: уК.сот/Ктоа!_арге! ; оК.ги/Кпо2айарге!
"
1,"СОЦОПРОС
2
"
0,"ж ху Ват АВС РУ АРЫ
ом ЧА Г
к О М, УХ О ЧУ ИИ ГА о ЯьыЯ
к: т а
о И А И
ВЫ мы ам мии о
3 и И а У тЫ о
В ААА к а А В РСН
о а о м
р бы д
я тЫ ке ее м ы ть № м те И и
а те. ИН в. А ож А
а ие Ра
а Аа ль ие 9 <
р Е Е а = вс ©
о Е - п м М:
а | к м
я Е а
с. т а >> к Ах У
В в м р.
ВЕ \: Е а
оне ыы №. в -
$. & | с а
ам вы т ь -_Х
и о. -
ие” А- | 4
5 а в ъ\
я, :. 7 А 2% -
№ р им х \ |
в. ® › — ` `
у. к. р — у` \
Е с! Г.
ь в м сч
ч ее т. к
* г. КО
1 а
а 34 да"" а,
ас Ти см
"
1,"р Семухин
Лев Константинович
25 лет (1995 г.р.)
г. Екатеринбург
Е С 14 сентября 2021 года его
— 3 › местонахождение неизвестно.
з Приметы: рост 170 см, нормального
# телосложения, волосы черные короткие, глаза
> зеленые.
/ Одежда: черная куртка, серые спортивные
: штаны, черные кроссовки.
ПОМОГИТЕ
ЧН А |7 | т |7 | Просим сообщать любую информацию по телефону горячей линии:
ЧЕЛОВЕ 8 (800) 700-54-52 или 112
"
0,"з и} Ч
те. м | 7 |.
О д
а"" ПИ
Е. о. оли. И
А а. А › Е
- ь о. И = |
в. ом
ты о о
Е . _
_ 20 о
о ей о
1 т ве. Иа ео
"
0,"г
зы Ч 2. платся
че р ее. 2—1 т а”. =

г < я м =. 5
| & ‚ м _ - г Их жит
| ^ \#. ани: < `иа""
3 6 ь.).
| Зал » у ” г
` } й
: © 5 $ св Г.
- в О о ;
>
Чия ь\
ы
#
гы
"
0,"У № |. , .
< И Уд
У
и } | у | д ] } .
А | $9 \[ 35 ; и Ай
к и „о \ % Л е
и Л д м
| и \ Че \ ‚
ы бо д и й и у
\ 2 па але аа в
ух А И о ааа
| ААА
Ха А 2 а ОУ друеи, УЛ =
Е АХ ЗА ОАО ох Аи
7 У К о в еек ке я-е
№ -й < К ль о ‹® ЕЯ ` а Я ИИ ‹
99 р хе 2) И ЖА о.
р СО Св С ав - -
{г ЗА ом ами См Не Я Я в
Аи а 5$ И т. $ И | 5я
атаке ЕС а
ЗА с % с. БЫ» ор, дк
р а. Ам а
А. Е < к Е ВО Ее НА
о
5 я ® КТХ ЖСК ЖЕЖИСИК УЖ их А тт х и 3
АЖЕКЕ: 8 фи ох фид фа
ыы * чи м
<= ча РА ых Е
р 29"" бр <=. о Ани
а >. рееВИ ЗА $5 А
"
0,"т ТР ;
ПА ОМ, с. в
А, 1:
м о Е
о
Е д
и
ай
й А, р
| о р.
Г ь
= Е
2% __ бр
—а а ==
и ЕЕ
Е =
= =
=. и
"
0,"| 5 Чи р : Де: 7 . т ЕЕ = т т ЕП т ЕЕ
и А ЕЕ ВИА
нь = ноды — вп | ИИ ЕТ ЕЕ И -ЕТИ
оли ты мае) | ИЕ
ыы ый ИН | И © ТЕТА ПЕ ИГ шш п
= 6 м3 0
< 1 ме т а =
``. т - ‚=
а о > МР Их © ==
1 м 9 —
1 ра > ЕЕ. К ке <
И = ЗЕ: 6% Рут Е №
< а и Ее ИФ д ы 54—. ее
Е #— = >
: ЕЕ я сы ео с у
"
0,"лы |
АТ
ЗАВАВУ ‘
"
1,"музей
тая
\ ® = < к . х
о 5 > №
а 8] _й Е ь к И , АМ
ы т ое а = = \ № |.
‘ | м 2 № >“ < $
| - ИЕ 7 5
"
0,"я + РУ | | |
- к у С. Жр Г. |
Ро 9. р Ра
| \*`& й У 4% 3% р 2 Бы >44 я А
= т ‘ й. Г. у 8 ны ча
| и Е и © ед рн 74 - ` ь
/ #> < оч 7 -: 1
| яр : 28
| - 5 р } 2
:‹ вы 7 а `®
4 | т А,
"
1,"и _
ГЕРМЕС РА ВА
ТОРГОВЫЙ РН: _ = Г т. ] в.
< ^.— В ( ит Же
И > 0 Г ВАА |
=> 357 5”.
ПОСУДА 9»
ПО НИЗКИМ ЦЕНАМ
г.Малмыж ул.К-Маркса 8
"
0,"и <
"
0,"%
& !
: ды. _ №2 №
| Е
- —-—— — 2
: о Е 24
а т И ут 7)
АЕ а АИ 0 ВХ / МИ
г. Е _ ы ы и 7 ы
ср вт авг ВИ сми 5’ 0 ‚Я
| > О А 4
й, СЯ = 7 й еб 372% © 7 А 5.
У, 3 Зее о 7 де. 99 ое
и ё ` да у
т ие м ме. № 77 <
3». Я я > дм БА ы
ме. Я д РИ НХ я: | 7 д &
Е ея д у ее м М Е
я у Е ® % ой ом д #- \ }
№’. Е к 7—3
59 ‚—— А, к \ с з
МА аа
7 ” а их ей
у 21 . [ р» я > «Се
т А х Ра
й ая
” РУ Ар а -
2$ ее С СА А
У. Е аи а
. А а С р
ГЕ. оо ы Е.
о И и
"
0,"== = <

Е | ых
ЕЕ ГА 9” д
=== №). 7.
) р \ -
72 И
® Е 2 2% —ааЫй
> т ЗЕ = = = ;
Е \, о

№ < ‚р

< Е < р и — >

> ь. =

Хх < м <
— а” < ^^ >
"
0,"С УЙИ и И И
у О лу т. ИСТ
ле М КАИ)
а ИСО
с Дм
АИ В ТЯ: О Оо
т ОИ"" И. И. /
ИР а Я
М м И, й
` ну а И, о >
О
зн аи г 2, У
В Го И
О Ш...
` —
> ен
: — — « — -
—
\ $.
ь =“.
В
у
йе. ВЫ НИИ а и""
‚ № #2 ь я а Са Х
г"" э >
«= 7. ‚
4 ий. м
"
0,"|. ‚4 №
к‘ \ УР че,
| бы ,. ==
= (\ :
я с
м х
ее
7’
}
|
а | |
"
0,"а а А. О 9 = ==
==> <= НЕЕ ь \ 3-7 ыы
= 4 ЕЕ Й) # с = ==
2 и. рт Я \ \ 3
-й ` ее | й м *
у @ ф, См
й < Г ЕЯ | | =
` | ? = ) я ( Ш ===
29: = Зй |. \ Е Г.Я Г 2 129 Е - еее =
2 й т \ 7 му а Е : ; 2 5 1 =
быт ГГ а \| 49 % И 1 =
ый | ЩАЗ» о > А =
| [ 8 у ы | > к
в \} } | 5) } | › Я \ "",. Н х ЛХ =
=. С й\ Гы ы К < #9 1 Й ==
а ЕО“ Е
ИИА А Е ми, =) у Г В
} й й © | = 2 Я м! х Рь и и Е
НИ ) 952) А а а РА де з # Е
} я о, х я. И № | $ м - >
вк < АО 2“ }
й бе * || — и д ""т
9 ° И у 2
99 № : ый И зы р м
5: Гу [:) # ды Я 2 ий я
2: К”: 48 Е д ом,
ас ‚< О $ % \
= Е Е. ча
м: \ м Е_ а .. т | =. и.
77 а Е. и ИР
В > и: У: 7:
= Е. : | = 1
№ 27-9 2 п я ов
| Р ее —— т ее.
"
0,"| ВМ ИТ
Ва ть Е \ | Ш :
м мм : р чо 5% у Й | |
). в. м Ох а» в М _ Е к.
© ®) Г. Г Е Ра р \
(< Фа’ Г \
` ай ь Е ы
а
Ро ь } 20%
+ Е Ру ”.
д ид в - <
"
1,"Й Продаются телята
бычки 241, 267, 281, 292
кг. 89172235787
"
1,"”/ . Приветствую, хотелось 6ы/ т
‚7 Узнать, дает ли кто деньги

`. под проценты? Займыи ‘
Е ЕЕ

р * Анон.
"
0,". Г й $35
\ %“ Ё „’
} 2 й ча
т йа
\ \
{5 и АЕ
Ах <> ; ый &
о ет ы
Г Я 8 7 2
ме =. у ‚ РА
5 в. > я \
7’ : > —. тя = С
Е ^^ МА
Е ава 4 \
7. и р
} ых ; #1 }
Же Ё №
| 65. и пн
""кои С
О. О
1, 2%
2 = В, Ро
=: = ов
;. а 2% 38 м №
: ве о“ а
жа и. м `\ .
и ©». м 2
м... ® о
‹ = © А, в. с
о к <
с.
-3 Ре ль и
Са р и
У от
М о. О
` $5 Е м кин
Че ;
а х о о д о /
3 в
= и `
о № - ты й >
и
"
0,"$ =
м’.
-\ т”
з ""
= # о Е я
у. = а и
: И. ах
_ ЗЬ 9% к ом Е ааа
а. те у г Е - алый
и а . к = она
а АЕ Ш м"" = = :===
а, ь т в — == Ре -
и м —_ == =
И у ди т в =
— т. р | г. ? Е о о
У и. И о ——
а о р и, ть Г _ = —_
У о о. И р к —-
а. м И И а а =
Ро о. о и в. ах
1 у ИРИ а У! м мы м м в
р п 1 и. И и и : Г м ыы
к"" ет В и. в ых. и й А ей
Ув М. и РА а
и. и. и м т
УИ В А, и м АИ Е и
Я у ВЬе хе И п | т а я. и
И] И, ий и.
ух И ый Я и А х о
НИ АИ о
А АА ВА к
\ А
"
1,"рчЬс23863253
Мой гинеколог подписался
на мой инстаграм. Я даже
не знаю, что он хочет
еще увидеть.
"
1,"АКЦИЯ 1 только
ОСБ Ма@сТЕР МЕ
ЦЕНЫ
ОСБ. _ <>
405 |
<
г.Малмыж ул.Чернышевского 11 КРЕДИТ, ТЕРМИНАЛ,
сот.8-912-700-80-90 ДОСТАВКА, УСТАНОВКА
"
0,"в С
р а А
РВ Л . >
Ах
УМ, ма
а» —
"
0,"42 — з ъ ь д ="" ©
4 ь бд
< ОЕ ы * зи
м ое мч
ыы -». $
в“ ь
г = = в а
222 в. М.
р = 28 К — у ` . ид фл
8. = м Жо > > в
4. РРР 7. п т $ «Е
- ? и, И О м :
в. КИ КА К РИ МАМА. 7 в. -=—.
Ре Ру ПИ) й АЗ й ААА > ЕЕ...
у { \\ААХАЯ А = с
п И А м
С
т ААА И А —
Ах СИИ И — .
С, а и м > ‘
х Я ААВ ‹ АА хо = :
; 2: О ЕЕ 5. ААА м а =
И аи козы В У 5% 7 `
ЕЙ | м у © чае >)
= ||, ИА иен ОЕ,
п а } м ое а м
ее И |. ‚= > Е
р А о в
Ц
пе — Е а
а -
о а т.
ее Зе
о м. в В < А, ИХ
"
0,"к ТИВ 4
музей ® ДК >,
Ро о а
— “ба | 2 р Х”,
— осей. а еРы '..%..
ЕН о. ‚ ЗАИР Ч
= \ $6 х МЕ"". >
“Вы. зезленвниярг- г7) > <. м „+
; рн ьу ›
| а №777 -5 9 4 } -
ре Е
Я #2 } (3% >!
а -\\ _Х Ё
35а фе. - » е й Ре — —-
\№ м
и... д а
а — Ру: —
Г. рый, р = =
|=.
- 224 - 2 ) |
‚19 р х на
| гр ы |
А ге <
к 4 и; ы
| ` ,
2) у . Ча
и „ у м \
2х АА РН. +
34-2 р и =. ы 4 , у х * у о Р ай Е
"
1,"2 ПУНКТ ВЫДАЧИ ЗАКАЗОВ :
Малмыж (Кировская область), |)
Комсомольская улица 40
Ежедневно 10:00-21:00
Оплачен $
„©
ое - 5-х
&- к |< й
250/170/11
я 4
418 Р
ФрутоНяня *
ФрутоНяня 0,2л К...
Собран на складе
›
"
0,"к. ых ЕР
А т ‚заА
р 2 Е
2 О
о $9
О 3
— >
В
п д.
"
0,"Е ЕРЕЕОЕЕЕЕЕЕ ЕЕ |
ана Е я
= РН с
РН - ЕЕ ее а — в
== ЕЕ ЕЕ ЕЕЕНЕ =_=
ЕЕ — ЕЕ ЕЕ т
ЕЕ И оо аеарЕЕ Е = 1
ЕЕ | аа Вт ЕЕ ==
ПМЕ ГЕ И. ЕЕ В =
ей: о -- ЕЕ ей Е
ЕЕ. я Е: О
Е Е 9. Не а В, РЕРАЕЕС Рот Е рее ЕЕ
Е А Ее Е Е ЕЕ:
НР > а и ФЕ и Е СЕЗЕЕБЕНЕЕЕ т; ЕЕ
о - в. РНЕ. %. в
Е ве. а з ь. ве Е 4444 ЕЕК =
%® а И. а ИРИ Е
РЕ * о о ЕЕ ТЕТЕЕЕЕ
а, ЕЕ
И ее ых ЕЕ
у Ре р а РА | ЕЕ
а. о - Г ЕЕ Е: Е —
и И Е: р || я
| 1 И Е | и ит 0 2 ет с
о И РОВ нее
1 А ‚в ь зав
а у - ты
Г | а! Ев т -
Ее, а м
2 [6 | & |. | да а Е +
р и | : Е &
. : | |] эй В в ‚
РИ № в | а, | *
а. ее Ами: носаоебыие | аааание— и \ - И и
О. НИИ к > 5 | ВА
СОА #243 Е БТ а 5%. вх - - { $
а О С, а о а = я
ба А а р. Е. ее. а
Пе чАНе, ИК и - т . - АИ и Иа
а -
КИ к <
"
0,"4"": = речь — ех
| о
ПЕИИТ
2 байк
Я 0 бо
а 2 - ео. Зе
к > = а - Ра
Е | ы
а о |: 8
29%
: а:
м
р. `
: 4 Г с ы
"
1,"Приветствую. Где взять
„Кредит, если есть _
А В’ ЗВ “
пробронки па ВЬвый
желательно без отказа?
В в.
Спасибо _
М в “ 4
"
1,"ва == то № _ Ка у г №
`
НОЛИНСКИИ ТЕХНИКУМ
З) =
И ЗУ<ЕТИ а! с<кого-хозяйства
Е = \
Кировская область, .
гНолинск, ул.Федосеева-49 57 у < © < = 5 (= = я ‹
Сайт: пер:/петзв.ги у УК =, =
а У < > А
Электронная почта патзН@тай.ги ее = 7
ЕЕ ЕЕ
Очно после 9 и 11 класса д
› Эксплуатация и ремонт сельскохозяйственной техники и оборудования—(Техник-механик). 7
Бесплатное получение рабочих профессий «Тракторист-машинист ВСРЕЕ» и «Водитель автомобиля ВС» 2
‚ Техническое обслуживание и ремонт двигателей, систем и агрегатов автомобилей —(Специалист). 22
Бесплатное получение рабочей профессии «Слесарь по ремонту автомобилей» Е
‚ _ Строительство и эксплуатация зданий и сооружений —(Тсхпик)
| \| Бесплатное полученис рабочей профсссии «Штукатур»
‚ _ Информационные системы и программнрованне—(Администратор баз данных)
‚ Электрификация и автоматизация сельского хозяйства—(Техник-электрик)
|| Бесплатное получение рабочей профессии «электромонтер по обслуживанию электроустановок» ::
№ |. — Экономика и бухгалтерский учет (по отраслям)—(Бухгалтер) Бесплатное получение рабочей профессии «Кассир» |8
Заочно после 11 класса
‚ Электрификация и автоматизация сельского хозяйства—(Техник-электрик)
Бесплатное получение рабочей профессии «электромонтер по обслуживанию электроустановок» я
‚ Экономика и бухгалтерский учет (по отраслям) —(Бухгалтер) Бесплатное получение рабочей профессии «Кассир» Й
|< Заочно после 9 класса яя
‚ _ Монтаж и эксплуатация оборудования и систем газоснабження—«(Техник)) &
Бесплатное получение рабочей профессии «Слесарь по изготовлению узлов н деталей технологических трубопроводов»
Ия о = = Пре
бргодаеь, спесь, одели прай пбоижетое!
Ве 77 |
"
0,"АЙ а
ео ен ‘с:
Не
а ыы
‚
= |
>
ны а [1
| 5
85 |
|| 8
и,
о. з
—#- з
| а
Г
Е.
215 СОУЕВ ы
\\
в
ь и
о -
Е во
"
0,"РИ!
р |
НЕ
— ""ТТ И ”.
=—_ _Ё& | 25 ШИ Ы И | 5 (
о к
са = ""] ( ы у иг” ь 8
т и 5х
г | № у 2 <
| | 5
ЕЕ |3) х Е
‚оне ыы ы Ел | Ах
енниининияе. 1): | — х = `\
Ве ыы сте >.
р $
| И Е рестиее ``
а а — ы
Я а и
РУ ""зи ттоиеининнь
я : 5 п НЕ и ..
о ———ы=ы""""-5оанаыи
"
1,"Это я, проверяю, все ли кайфуют от
песни, которую я поставил в тачке
- =
"
0,"р ва
ы : [е я
ы Г.
=:
в, вони
3 | ПЖ о.
Е. ео О
ь о
х. д а
у В
и
ы 7 р о
ие. | а й
> А ие и й
"
0,"в о

—_ - муза
Е © ЗАО 05/7

У НОУАИ ОУ
вы 1 мог
"
0,"2%. 2
р Р
ее ©
25 м ЗАЧ
е а а“
бе АВ
Бо р й `` о
й) и. ). © ‚“ Ам
> и
<. 78 о Ч »-
о а
ых.
ПА
@зитопе{еггагорй ( } :
"
0,"в мА
Е ы |
5 села и лаыг- $ *-
>< —% (2 6-2 7% а =
с 62.
„<? — КУ Та 2 5 ЗЕ < РР
Е = | Зы А ет у 2% чи \ ох
= ОаХ (А С > <
5% ыы = \ № т .
у < — —— - Я
` с 2’
<. < > 7 е
>. 2 >.
<> р ыы 7 < { Е
5 а 8
' ча < 5; + 5
ча = =>. 24 р
"
0,"В
| о о
ке те ВЫ Ме ИИ р
о И т т ти тя И.
а М
— Аа ПАСА а *. авы
р. ч ыы й ы * й Йо # ® К:
РА У 59
_ МАТ И
"
0,"бе ‚ < р. 7
ры [ ыы у 7% м
4 ` 1 ла к 24 иж м
г РТУ + ` |
2 Ува Аа» р.
я Ю А
< 7 ре: к ааь. .
2 } >
Ш 2 а
5 > а ^^ = а \1 ®
т — И 53
аж Е и р
1% у а = о ег. 8
мы 63 ам у
} а в \ Аа | ох з
к А 1
; и || №) |
р < О \
42-7} р | > .
СР 0 к < [ д. кат ъ у р Г
> = &. ю и
Г \ т Г. 1 ‘= А К, к 5
а И
| Г. Я \ В
- \, а М ‚№ м | РАЯ
ом № м и ПХ
Я №. а А, м ме №
_ М ЦА р а,
> ях _ -е 4) ь
не Г ал \
"
0,"=
"
