category,text
0,"21.05.19–≥ —Ä–µ–º–æ–Ω—Ç —Ü–æ–∫–æ–ª—è –∑–¥–∞–Ω–∏—è –ê–¥–º–∏–Ω–∏—Å—Ç—Ä–∞—Ü–∏–∏ –≥–æ—Ä–æ–¥–∞ –ú–∞–ª–º—ã–∂–∞. –í–æ—Ç —á—Ç–æ –ø—Ä–æ–∏—Å—Ö–æ–¥–∏—Ç —Å —Ü–æ–∫–æ–ª–µ–º –∏ —Ñ—É–Ω–¥–∞–º–µ–Ω—Ç–∞–º–∏ –¥–æ–º–æ–≤ –∏ –∑–¥–∞–Ω–∏–π, –∫–æ–≥–¥–∞ –≤–ª–∞—Å—Ç–∏ –≥–æ—Ä–æ–¥–∞ –Ω–µ –æ–±—Ä–∞—â–∞—é—Ç –≤–Ω–∏–º–∞–Ω–∏—è –Ω–∞ —Ä–µ–≥—É–ª—è—Ä–Ω—ã–µ –∂–∞–ª–æ–±—ã –∂–∏—Ç–µ–ª–µ–π –æ —Ç–æ–º, —á—Ç–æ –≤ –ø–æ–¥–ø–æ–ª—å—è—Ö –∏ –ø–æ–¥–≤–∞–ª–∞—Ö –∫—Ä—É–≥–ª—ã–π –≥–æ–¥ —Å—Ç–æ–∏—Ç –≤–æ–¥–∞. –í –≥–æ—Ä–æ–¥–µ –æ—Ç—Å—É—Ç—Å—Ç–≤—É–µ—Ç –ª–∏–≤–Ω–µ–≤–∞—è –∫–∞–Ω–∞–ª–∏–∑–∞—Ü–∏—è –∏ —Å–æ–≤—Å–µ–º –Ω–µ –ø—Ä–æ–≤–æ–¥—è—Ç —Ä–∞–±–æ—Ç –ø–æ –æ—Å—É—à–µ–Ω–∏—é. –°–æ –≤—Ä–µ–º–µ–Ω–µ–º –æ—Ç –ø–æ—Å—Ç–æ—è–Ω–Ω–æ–π —Å—ã—Ä–æ—Å—Ç–∏ —Ñ—É–Ω–¥–∞–º–µ–Ω—Ç—ã —Ä–∞–∑—Ä—É—à–∞—é—Ç—Å—è, –∞ —Å–ª–µ–¥–æ–º –ø–æ—è–≤–ª—è—é—Ç—Å—è —Ç—Ä–µ—â–∏–Ω—ã –Ω–∞ —Å—Ç–µ–Ω–∞—Ö, –Ω–µ —Ä–∞–≤–Ω–æ–º–µ—Ä–Ω–∞—è —É—Å–∞–¥–∫–∞ –∏ –ø—Ä–æ—á–∏–µ —á–∏—Å—Ç–æ –ú–∞–ª–º—ã–∂—Å–∫–∏–µ –ø—Ä–æ–±–ª–µ–º—ã. –ù–∞–≤–µ—Ä–Ω–æ –æ –ª—é–¥—è—Ö –¥—É–º–∞–ª–∏ —Ç–æ–ª—å–∫–æ –ø—Ä–∏ –°–æ–≤–µ—Ç—Å–∫–æ–º –°–æ—é–∑–µ, –≤–µ–¥—å –ø–æ—Å–ª–µ –µ–≥–æ —Ä–∞–∑–≤–∞–ª–∞ –≤—Å–µ —Ä–∞–±–æ—Ç—ã –≤ –≥–æ—Ä–æ–¥–µ –∑–∞–º–æ—Ä–æ–∑–∏–ª–∏. –ö–æ–≥–¥–∞ –ì–ª–∞–≤–∞ –≥–æ—Ä–æ–¥–∞ –∑–∞–π–º–µ—Ç—Å—è —Ä–µ–∞–ª—å–Ω—ã–º–∏ –ø—Ä–æ–±–ª–µ–º–∞–º–∏? –∞–Ω–æ–Ω"
1,"60 –ª–µ—Ç –Ω–∞–∑–∞–¥ 
 
 –í 1961 –≥–æ–¥—É –Ω–∞ –±–∞–∑–µ —Ä–∞—Å—Ñ–æ—Ä–º–∏—Ä–æ–≤–∞–Ω–Ω–æ–≥–æ –¥–µ—Ç—Å–∫–æ–≥–æ –¥–æ–º–∞ –±—ã–ª–∞ —Å–æ–∑–¥–∞–Ω–∞ –≤—Å–ø–æ–º–æ–≥–∞—Ç–µ–ª—å–Ω–∞—è —à–∫–æ–ª–∞-–∏–Ω—Ç–µ—Ä–Ω–∞—Ç. –î–∏—Ä–µ–∫—Ç–æ—Ä–æ–º –±—ã–ª –Ω–∞–∑–Ω–∞—á–µ–Ω –ì. –ú. –ò–≤–∞–Ω–æ–≤. 
 –ú–Ω–æ–≥–æ —Ç—Ä—É–¥–∞ –ø—Ä–∏—à–ª–æ—Å—å –≤–ª–æ–∂–∏—Ç—å –ø–µ–¥–∞–≥–æ–≥–∏—á–µ—Å–∫–æ–º—É –∫–æ–ª–ª–µ–∫—Ç–∏–≤—É —à–∫–æ–ª—ã, —á—Ç–æ–±—ã —Å–æ–∑–¥–∞—Ç—å –Ω–æ—Ä–º–∞–ª—å–Ω—ã–µ —É—Å–ª–æ–≤–∏—è –¥–ª—è —É—Å–ø–µ—à–Ω–æ–≥–æ –æ–±—É—á–µ–Ω–∏—è –¥–µ—Ç–µ–π –Ω–µ —Ç–æ–ª—å–∫–æ –ú–∞–ª–º—ã–∂—Å–∫–æ–≥–æ —Ä–∞–π–æ–Ω–∞, –Ω–æ –∏ –ö–∏–ª—å–º–µ–∑—Å–∫–æ–≥–æ –∏ –í-–ü–æ–ª—è–Ω—Å–∫–æ–≥–æ. –î–æ 1988 –≥–æ–¥–∞ –≤ —à–∫–æ–ª–µ —É—á–∏–ª–∏—Å—å –¥–µ—Ç–∏ –∏–∑ –¥–µ—Ç—Å–∫–æ–≥–æ –¥–æ–º–∞. 
 –í 1998 –≥–æ–¥—É –≤—Å–ø–æ–º–æ–≥–∞—Ç–µ–ª—å–Ω–∞—è —à–∫–æ–ª–∞-–∏–Ω—Ç–µ—Ä–Ω–∞—Ç –ø–æ–ª—É—á–∏–ª–∞ –Ω–æ–≤–æ–µ –Ω–∞–∑–≤–∞–Ω–∏–µ - –∫–æ—Ä—Ä–µ–∫—Ü–∏–æ–Ω–Ω–∞—è —à–∫–æ–ª–∞. 
 –° 2012 –≥–æ–¥–∞ —à–∫–æ–ª–∞ –±—ã–ª–∞ –ø–µ—Ä–µ–∏–º–µ–Ω–æ–≤–∞–Ω–∞. –ü–æ–ª–Ω–æ–µ –Ω–∞–∏–º–µ–Ω–æ–≤–∞–Ω–∏–µ —É—á—Ä–µ–∂–¥–µ–Ω–∏—è: –ö–∏—Ä–æ–≤—Å–∫–æ–µ –æ–±–ª–∞—Å—Ç–Ω–æ–µ –≥–æ—Å—É–¥–∞—Ä—Å—Ç–≤–µ–Ω–Ω–æ–µ –æ–±—â–µ–æ–±—Ä–∞–∑–æ–≤–∞—Ç–µ–ª—å–Ω–æ–µ –±—é–¥–∂–µ—Ç–Ω–æ–µ —É—á—Ä–µ–∂–¥–µ–Ω–∏–µ ¬´–®–∫–æ–ª–∞-–∏–Ω—Ç–µ—Ä–Ω–∞—Ç –¥–ª—è –æ–±—É—á–∞—é—â–∏—Ö—Å—è —Å –æ–≥—Ä–∞–Ω–∏—á–µ–Ω–Ω—ã–º–∏ –≤–æ–∑–º–æ–∂–Ω–æ—Å—Ç—è–º–∏ –∑–¥–æ—Ä–æ–≤—å—è –≥. –ú–∞–ª–º—ã–∂–∞¬ª. 
 –ì–ª–∞–≤–Ω–∞—è –∑–∞–¥–∞—á–∞ —ç—Ç–æ–≥–æ —É—á–µ–±–Ω–æ–≥–æ –∑–∞–≤–µ–¥–µ–Ω–∏—è ‚Äì –ø–æ–¥–≥–æ—Ç–æ–≤–∏—Ç—å —É—á–µ–Ω–∏–∫–æ–≤ –∫ –∂–∏–∑–Ω–∏ –∏ —Ç—Ä—É–¥—É."
1,"‚ùó‚ùó‚ùó–£–í–ê–ñ–ê–ï–ú–´–ï –ù–ï–†–ê–í–ù–û–î–£–®–ù–´–ï –õ–Æ–î–ò!!!! –°–µ–≥–æ–¥–Ω—è 1.11.2021 –≥. –≤ —Å.–ì–æ–Ω—å–±–∞ —É –Ω–∞—à–µ–≥–æ –±–ª–∏–∑–∫–æ–≥–æ –¥—Ä—É–≥–∞ –ü–æ–Ω–æ–º–∞—Ä–µ–≤–∞ –ò–ª—å–∏ —Å–≥–æ—Ä–µ–ª –¥–æ–º, —Å–≥–æ—Ä–µ–ª–æ –≤—Å—ë! –ê–±—Å–æ–ª—é—Ç–Ω–æ –í–°–Å –¥–æ —Ç–ª–∞, –Ω–∏ –¥–æ–∫—É–º–µ–Ω—Ç–æ–≤ –Ω–∏ –≤–µ—â–µ–π, –Ω–∏-—á–µ-–≥–æ.... –£ —Å–µ–º—å–∏ —É –∫–æ—Ç–æ—Ä–æ–π –≤—Å–µ –±—ã–ª–æ –≥–æ–¥–∞–º–∏ –Ω–∞–∂–∏—Ç–æ –∑–∞ —Å—á–∏—Ç–∞–Ω–Ω—ã–µ –º–∏–Ω—É—Ç—ã –æ—Ö–≤–∞—Ç–∏–ª –æ–≥–æ–Ω—å. –ù–∏–∫–æ–º—É –Ω–µ –ø–æ–∂–µ–ª–∞–µ—à—å —Ç–∞–∫–æ–≥–æ, –Ω–æ, –∫ —Å–æ–∂–∞–ª–µ–Ω–∏—é, —ç—Ç–æ –∫–æ—Å–Ω—É–ª–æ—Å—å –Ω–∞—à–µ–≥–æ –¥—Ä—É–≥–∞. 
–£–ú–û–õ–Ø–Æ –Ω–µ –æ—Å—Ç–∞–Ω—å—Ç–µ—Å—å —Ä–∞–≤–Ω–æ–¥—É—à–Ω—ã–º–∏, –ü–û–ú–û–ì–ò–¢–ï –∫—Ç–æ —á–µ–º –º–æ–∂–µ—Ç!!!!!–ü–µ—Ä–≤—ã–º –¥–µ–ª–æ–º –Ω–µ–æ–±—Ö–æ–¥–∏–º–æ –≤–æ—Å—Å—Ç–∞–Ω–æ–≤–ª–µ–Ω–∏–µ –¥–æ–∫—É–º–µ–Ω—Ç–æ–≤ –∏ –≤–µ—â–∏ –ø–µ—Ä–≤–æ–π –Ω–µ–æ–±—Ö–æ–¥–∏–º–æ—Å—Ç–∏. 
–ë—É–¥–µ–º –í–∞–º –∏—Å–∫—Ä–µ–Ω–Ω–µ –±–ª–∞–≥–æ–¥–∞—Ä–Ω—ã –∑–∞ –æ–∫–∞–∑–∞–Ω–Ω—É—é –ø–æ–º–æ—â—å:
–°–±–µ—Ä–±–∞–Ω–∫: –º–∞–º–∞ 89229328889 (–ù–∞—Ç–∞–ª—å—è –ù–∏–∫–æ–ª–∞–µ–≤–Ω–∞ –ü.) –ø–∞–ø–∞ 89123736573 (–ê–Ω–¥—Ä–µ–π –í–∞—Å–∏–ª—å–µ–≤–∏—á –ü.)üôèüèªüôèüèªüôèüèª"
0,"–¶–µ–Ω–∞: 2900 —Ä—É–±–ª–µ–π 
 
–ú–∞–∫—Å–∏ –¥–æ–º–∏–∫ 60—Å–º , —Ç—É—Ç —Å–æ–±—Ä–∞–Ω–æ –≤—Å–µ —Å–∞–º–æ–µ –∏–Ω—Ç–µ—Ä–µ—Å–Ω–æ–µ"
0,"–û—Ç–ª–∏—á–Ω—ã–µ –Ω–æ–≤–æ—Å—Ç–∏ –¥–ª—è –∂–∏—Ç–µ–ª–µ–π –ú–∞–ª–º—ã–∂–∞!
–ü–æ–Ω—è—Ç–∏–µ, –∫–∞–∫ ¬´–°–µ–∑–æ–Ω —Å—Ç–∏—Ä–∫–∏ –∫–æ–≤—Ä–æ–≤¬ª –æ—Ç–º–µ–Ω—è–µ—Ç—Å—è!
VORS 365 - —ç—Ç–æ –∏–¥–µ–∞–ª—å–Ω–∞—è —Å—Ç–∏—Ä–∫–∞ –≤–∞—à–µ–≥–æ –∫–æ–≤—Ä–∞ –≤ –ª—é–±–æ–µ —É–¥–æ–±–Ω–æ–µ –¥–ª—è –≤–∞—Å –≤—Ä–µ–º—è! 365 –¥–Ω–µ–π –≤ –≥–æ–¥—É! –í –ª—é–±–æ–µ –≤—Ä–µ–º—è –≥–æ–¥–∞! 
–ü—Ä–æ—Ñ–µ—Å—Å–∏–æ–Ω–∞–ª—å–Ω–∞—è —Å—Ç–∏—Ä–∫–∞ –∫–æ–≤—Ä–æ–≤ —Å–ø–µ—Ü–∏–∞–ª—å–Ω—ã–º –æ–±–æ—Ä—É–¥–æ–≤–∞–Ω–∏–µ–º –∏–∑ –ï–≤—Ä–æ–ø—ã! üá™üá∫
–ë–µ—Å–ø–ª–∞—Ç–Ω–∞—è –¥–æ—Å—Ç–∞–≤–∫–∞! –ó–∞–±–µ—Ä–µ–º –≥—Ä—è–∑–Ω—ã–π, –ø—Ä–∏–≤–µ–∑–µ–º —á–∏—Å—Ç—ã–π!!! üöå –°–¥–µ–ª–∞–π –ø–æ–¥–∞—Ä–æ–∫ —Å–µ–±–µ –∏–ª–∏ –ª—é–±–∏–º–æ–π –±–∞–±—É–ª–µüëµüèªü•∞üë®üèº‚Äçü¶≥
–û—Å—Ç–∞–≤–ª—è–π—Ç–µ –∑–∞—è–≤–∫—É –ø–æ —Ç–µ–ª–µ—Ñ–æ–Ω—É 
‚òéÔ∏è8 (912) 732-17-71 –∏ –≤ —É–¥–æ–±–Ω–æ–µ –¥–ª—è –≤–∞—Å –≤—Ä–µ–º—è –º—ã –ø—Ä—è–º–æ –∏–∑ –¥–æ–º–∞ –∑–∞–±–µ—Ä–µ–º –≤–∞—à –≥—Ä—è–∑–Ω—ã–π –∫–æ–≤–µ—Ä –Ω–∞ —Å—Ç–∏—Ä–∫—É!
–ù–∞—à–∞ –≥–ª–∞–≤–Ω–∞—è –≥–æ—Ä–¥–æ—Å—Ç—å- —ç—Ç–æ –∫—Ä—É–≥–ª–æ–≥–æ–¥–∏—á–Ω–∞—è —Å—É—à–∏–ª—å–Ω–∞—è –∫–∞–º–µ—Ä–∞!üè†–ú–æ—â–Ω—ã–µ –ø–æ—Ç–æ–∫–∏ —Å–≤–µ–∂–µ–≥–æ —Ñ–∏–ª—å—Ç—Ä–æ–≤–∞–Ω–Ω–æ–≥–æ –≤–æ–∑–¥—É—Ö–∞ —Å–¥–µ–ª–∞—é—Ç –≤–∞—à –∫–æ–≤–µ—Ä –∞–±—Å–æ–ª—é—Ç–Ω–æ —Å—É—Ö–∏–º –≤—Å–µ–≥–æ –∑–∞ 10 —á–∞—Å–æ–≤!
–ú—ã –Ω–µ —Å—É—à–∏–º –∫–æ–≤—Ä—ã –Ω–∞ —É–ª–∏—Ü–µ –≤ –ø—ã–ª–∏!üåß üê∑üí®

‚òéÔ∏è 8 (912) 732-17-71 
–û—Å—Ç–∞–≤–ª—è–π—Ç–µ –∑–∞—è–≤–∫—É!ü§ù
–û–ø–ª–∞—Ç–∞ –ø–æ —Ñ–∞–∫—Ç—É –¥–æ—Å—Ç–∞–≤–∫–∏ —á–∏—Å—Ç–æ–≥–æ –∫–æ–≤—Ä–∞!
–ü–æ–¥–ø–∏—Å—ã–≤–∞–π—Å—è –Ω–∞ –Ω–∞—à–∏ —Å–æ—Ü–∏–∞–ª—å–Ω—ã–µ —Å–µ—Ç–∏! –ü—Ä–∏–≥–æ–¥–∏—Ç—Å—è!
https://vk.com/vors365 
https://www.instagram.com/vors365/"
1,"–°—Ç—É–¥–∏—è LilySchool –ø—Ä–∏–≥–ª–∞—à–∞–µ—Ç –Ω–∞ –∏–Ω–¥–∏–≤–∏–¥—É–∞–ª—å–Ω—ã–µ –∑–∞–Ω—è—Ç–∏—è –ø–æ –∞–Ω–≥–ª–∏–π—Å–∫–æ–º—É —è–∑—ã–∫—É –º–ª–∞–¥—à–∏—Ö —à–∫–æ–ª—å–Ω–∏–∫–æ–≤! ‚ú®
–û–±—É—á–µ–Ω–∏–µ —á—Ç–µ–Ω–∏—é, –≥—Ä–∞–º–º–∞—Ç–∏–∫–µ, –ª–µ–∫—Å–∏–∫–µ, –ø–∏—Å—å–º—É! üî∞
–¢–∞–∫–∂–µ –ø—Ä–æ–≤–æ–¥–∏—Ç—Å—è —Ä–∞–±–æ—Ç–∞ –ø–æ –∏–Ω–¥–∏–≤–∏–¥—É–∞–ª—å–Ω–æ–º—É –∑–∞–ø—Ä–æ—Å—É! 
–í–æ–∑–º–æ–∂–Ω–æ –ø—Ä–æ–≤–µ–¥–µ–Ω–∏–µ –≥—Ä—É–ø–ø–æ–≤—ã—Ö –∑–∞–Ω—è—Ç–∏–π! üë´
–ö–æ–ª–∏—á–µ—Å—Ç–≤–æ –º–µ—Å—Ç —Å–∏–ª—å–Ω–æ –æ–≥—Ä–∞–Ω–∏—á–µ–Ω–æ!
–ó–∞ –ø–æ–¥—Ä–æ–±–Ω–æ—Å—Ç—è–º–∏ –≤ –ª/—Å https://vk.com/id170462439 –∏–ª–∏ –ø–æ —Ç–µ–ª–µ—Ñ–æ–Ω—É 89823882280"
1,"–ü–æ–¥—Å–∫–∞–∂–∏—Ç–µ –ø–∂—Ç–∞, –≥–¥–µ –ª—É—á—à–µ –∫—É–ø–∏—Ç—å –º—è–≥–∫—É—é –º–µ–±–µ–ª—å (–¥–∏–≤–∞–Ω)"
1,"–ù–æ—Å—Ç–∞–ª—å–≥–∏—è –ø–æ –ø—Ä–æ—à–ª–æ–º—É, 
–í—Å—ë —Å–∏–ª—å–Ω–µ–π –∏ —Å–∏–ª—å–Ω–µ–π... 
–í—Å–ø–æ–º–∏–Ω–∞—é —Ö–æ—Ä–æ—à–µ–µ, 
–ê –Ω–∞ —Å–µ—Ä–¥—Ü–µ –±–æ–ª—å–Ω–µ–π... 
–°–ª–æ–≤–Ω–æ —á—Ç–æ-—Ç–æ –ø–æ—Ç–µ—Ä—è–Ω–æ, 
–ò –Ω–∞–∑–∞–¥ –Ω–µ –≤–µ—Ä–Ω—É—Ç—å..) 
 
üéÄüéàüç∑üåπ7 –Ω–æ—è–±—Ä—è —Å–æ–≤–µ—Ç—Å–∫–∏–µ –ª—é–¥–∏ –æ—Ç–º–µ—á–∞–ª–∏, –±–µ—Å—Å–ø–æ—Ä–Ω–æ, –≥–ª–∞–≤–Ω—ã–π –ø—Ä–∞–∑–¥–Ω–∏–∫ –°–æ–≤–µ—Ç—Å–∫–æ–≥–æ –°–æ—é–∑–∞ - –î–µ–Ω—å –í–µ–ª–∏–∫–æ–π –û–∫—Ç—è–±—Ä—å—Å–∫–æ–π —Å–æ—Ü–∏–∞–ª–∏—Å—Ç–∏—á–µ—Å–∫–æ–π —Ä–µ–≤–æ–ª—é—Ü–∏–∏. –ò–¥–µ–æ–ª–æ–≥–∏—á–µ—Å–∫–∞—è –æ—Å–Ω–æ–≤–∞ –±—ã–ª–∞ –ø—Ä–æ—Å—Ç–∞ ‚Äì –ø—Ä–∞–∑–¥–Ω–æ–≤–∞–ª–∏ –¥–µ–Ω—å —Ä–æ–∂–¥–µ–Ω–∏—è –Ω–æ–≤–æ–≥–æ –≥–æ—Å—É–¥–∞—Ä—Å—Ç–≤–∞ —Ä–∞–±–æ—á–∏—Ö –∏ –∫—Ä–µ—Å—Ç—å—è–Ω. –ò –∫–æ–Ω–µ—á–Ω–æ, –∫–∞–∂–¥—ã–π —à–∫–æ–ª—å–Ω–∏–∫ –∑–Ω–∞–ª, –ø–æ—á–µ–º—É –î–µ–Ω—å –û–∫—Ç—è–±—Ä—å—Å–∫–æ–π —Ä–µ–≤–æ–ª—é—Ü–∏–∏ –æ—Ç–º–µ—á–∞–µ—Ç—Å—è –≤ –Ω–∞—á–∞–ª–µ –Ω–æ—è–±—Ä—è. 
–ï–∂–µ–≥–æ–¥–Ω–æ 7 –Ω–æ—è–±—Ä—è –ø–∞—Ä–∞–¥—ã —à–ª–∏ –ø–æ –≥–ª–∞–≤–Ω—ã–º –ø–ª–æ—â–∞–¥—è–º –≥–æ—Ä–æ–¥–æ–≤ —Å—Ç—Ä–∞–Ω—ã. –ó–∞ –Ω–∏–º–∏ —Å–ª–µ–¥–æ–≤–∞–ª–∏ –∏ –¥–µ–º–æ–Ω—Å—Ç—Ä–∞—Ü–∏–∏ —Ç—Ä—É–¥—è—â–∏—Ö—Å—è. –ù–∞ —Ç—Ä–∏–±—É–Ω—ã –≤—ã—Ö–æ–¥–∏–ª–∏ –ø–µ—Ä–≤—ã–µ –ª–∏—Ü–∞ —Ä–µ–≥–∏–æ–Ω–∞, –ø—Ä–∏–Ω–∏–º–∞–≤—à–∏–µ –ø–∞—Ä–∞–¥ –∏ –ø—Ä–∏–≤–µ—Ç—Å—Ç–≤–æ–≤–∞–≤—à–∏–µ —Ç—Ä—É–¥—è—â–∏—Ö—Å—è, –∞ —Ç–∞–∫–∂–µ —Å—Ç—É–¥–µ–Ω—Ç–æ–≤ –∏ —à–∫–æ–ª—å–Ω–∏–∫–æ–≤, –∫–æ—Ç–æ—Ä—ã–µ –º–∞—Ä—à–∏—Ä–æ–≤–∞–ª–∏ —Å —Ñ–ª–∞–≥–∞–º–∏, –ø–ª–∞–∫–∞—Ç–∞–º–∏ –∏ —Ç—Ä–∞–Ω—Å–ø–∞—Ä–∞–Ω—Ç–∞–º–∏ –≤ —Ä—É–∫–∞—Ö‚Ä¶ 
–ì—Ä–∞–∂–¥–∞–Ω–∞–º –°—Ç—Ä–∞–Ω—ã –°–æ–≤–µ—Ç–æ–≤ –ø–æ–ª–∞–≥–∞–ª–æ—Å—å –ø–æ —ç—Ç–æ–º—É –ø–æ–≤–æ–¥—É –¥–≤–∞ –≤—ã—Ö–æ–¥–Ω—ã—Ö –¥–Ω—è: 7 –∏ 8 –Ω–æ—è–±—Ä—è: —Ç–∞–∫ –ø–æ—Å—Ç–∞–Ω–æ–≤–∏–ª –ü—Ä–µ–∑–∏–¥–∏—É–º –¶–ò–ö –°–°–°–† –≤ 1927 –≥–æ–¥—É, –≤ —á–µ—Å—Ç—å –ø–µ—Ä–≤–æ–π –¥–µ—Å—è—Ç–∏–ª–µ—Ç–Ω–µ–π –≥–æ–¥–æ–≤—â–∏–Ω—ã —Ä–µ–≤–æ–ª—é—Ü–∏–∏. 
–ü–æ—Å–ª–µ –æ—Ñ–∏—Ü–∏–∞–ª—å–Ω–æ–π —á–∞—Å—Ç–∏ –ø–µ—Ä–µ—Ö–æ–¥–∏–ª–∏ –∫ –ø—Ä–∞–∑–¥–Ω–∏—á–Ω–æ–º—É –∑–∞—Å—Ç–æ–ª—å—é. –ö–∞–∂–¥–∞—è —Ö–æ–∑—è–π–∫–∞ –ø—Ä–∏–±–µ—Ä–µ–≥–∞–ª–∞ —á—Ç–æ-—Ç–æ –∏–∑ –¥–µ—Ñ–∏—Ü–∏—Ç–Ω–æ–≥–æ (–≤ –∑–∞–≤–∏—Å–∏–º–æ—Å—Ç–∏ –æ—Ç –≥–æ–¥–∞) –∫ —Ç–∞–∫–æ–º—É –º–æ–º–µ–Ω—Ç—É: –±–∞–Ω–æ—á–∫—É –∏–∫—Ä—ã –∏–ª–∏ –≤–µ–Ω–≥–µ—Ä—Å–∫–æ–≥–æ –≥–æ—Ä–æ—à–∫–∞, –∫—Ä–∞–±–æ–≤ –∏–ª–∏ –ø—Ä–æ—Å—Ç–æ –º–∞–π–æ–Ω–µ–∑–∞. –°–æ–±–∏—Ä–∞–ª–∏—Å—å –≥–æ—Å—Ç–∏, –∑–≤—É—á–∞–ª–∏ —Ç–æ—Å—Ç—ã, –∞ –∑–∞—Ç–µ–º –ø–µ—Å–Ω–∏ –∏ —Ç–∞–Ω—Ü—ã, –Ω–∞—Å–∫–æ–ª—å–∫–æ –ø–æ–∑–≤–æ–ª—è–ª–∞ –ø–ª–æ—â–∞–¥—å –∫–≤–∞—Ä—Ç–∏—Ä –∏ –∫–æ–º–Ω–∞—Ç."
1,"–ö—É–ø–ª—é –∫–æ–ª–µ—Å–∞ 175 / 65 r 14 –∑–∏–º–Ω–∏–µ 
953 942 31 88"
1,"–ú–∏–∫—Ä–æ–≤–æ–ª–Ω–æ–≤–∫–∞ Samsung –≤ –æ—Ç–ª–∏—á–Ω–æ–º —Å–æ—Å—Ç–æ—è–Ω–∏–∏, 20 –ª–∏—Ç—Ä–æ–≤, –≤–Ω—É—Ç—Ä–∏ –±–∏–æ-–∫–µ—Ä–∞–º–∏—á–µ—Å–∫–æ–µ –ø–æ–∫—Ä—ã—Ç–∏–µ, –Ω–µ —ç–º–∞–ª—å; –Ω–µ –æ–±–ª–µ–∑–µ—Ç, –Ω–µ –∑–∞—Ä–∂–∞–≤–µ–µ—Ç, –µ—Å—Ç—å –≥—Ä–∏–ª—å, –≤—Å—ë —Ä–∞–±–æ—Ç–∞–µ—Ç, 3500 —Ä—É–±. 
–í—è—Ç—Å–∫–∏–µ –ü–æ–ª—è–Ω—ã, 89229398009 , –≤ –ª—Å."
1,"–ü—Ä–æ–¥–∞–º –≤–∞–ª–µ–Ω–∫–∏ . –†–∞–∑–º–µ—Ä 17. 
–í –∏–¥–µ–∞–ª—å–Ω–æ–º —Å–æ—Å—Ç–æ—è–Ω–∏–∏. 500 —Ä—É–±."
1,"–ü—Ä–æ–¥–∞–º –∫—É–∫–º–æ—Ä—Å–∫–∏–µ –≤–∞–ª–µ–Ω–∫–∏ –Ω–∞ —Ä–µ–∑–∏–Ω–æ–≤–æ–π –ø–æ–¥–æ—à–≤–µ. –†–∞–∑–º–µ—Ä 26. 
–í –∏–¥–µ–∞–ª—å–Ω–æ–º —Å–æ—Å—Ç–æ—è–Ω–∏–∏. 500 —Ä—É–±. –ù–µ –∞–Ω–æ–Ω."
1,"–ö–æ–º–ø—å—é—Ç–µ—Ä–Ω–æ–µ –∫—Ä–µ—Å–ª–æ –≤ –æ—Ç–ª–∏—á–Ω–æ–º —Å–æ—Å—Ç–æ—è–Ω–∏–∏, –≤—Å–µ –º–µ—Ö–∞–Ω–∏–∑–º—ã —Ä–∞–±–æ—Ç–∞—é—Ç, 1600 —Ä—É–±. –í—è—Ç—Å–∫–∏–µ –ü–æ–ª—è–Ω—ã, 89229528998, –≤ –ª—Å."
1,"–ö—Ä–∞—Å–∫–∏ –æ—Å–µ–Ω–∏ 
–í—ã—Å—Ç–∞–≤–∫–∞ –ø–æ–¥–µ–ª–æ–∫ –ø–æ–¥ —Ç–∞–∫–∏–º –Ω–∞–∑–≤–∞–Ω–∏–µ–º –±—ã–ª–∞ –æ—Ñ–æ—Ä–º–ª–µ–Ω–∞ –≤ –∫–æ–Ω—Ü–µ –æ–∫—Ç—è–±—Ä—è –≤ —à–∫–æ–ª–µ-–∏–Ω—Ç–µ—Ä–Ω–∞—Ç–µ –≥.–ú–∞–ª–º—ã–∂–∞. 
–ù–∞ –º–µ—Ä–æ–ø—Ä–∏—è—Ç–∏–∏ –ø—Ä–µ–¥—Å—Ç–∞–≤–ª–µ–Ω–æ –æ–≥—Ä–æ–º–Ω–æ–µ –∫–æ–ª–∏—á–µ—Å—Ç–≤–æ —Ç–≤–æ—Ä—á–µ—Å–∫–∏—Ö —Ä–∞–±–æ—Ç, –≤—ã–ø–æ–ª–Ω–µ–Ω–Ω—ã—Ö —Ä–µ–±—è—Ç–∞–º–∏ —Å –Ω–∞—á–∞–ª–∞ –Ω–æ–≤–æ–≥–æ —É—á–µ–±–Ω–æ–≥–æ –≥–æ–¥–∞ –≤–æ –≤—Å–µ–≤–æ–∑–º–æ–∂–Ω—ã—Ö —Ç–µ—Ö–Ω–∏–∫–∞—Ö: –≤—ã—à–∏–≤–∫–∞, –≤—è–∑–∞–Ω–∏–µ –∫—Ä—é—á–∫–æ–º –∏ —Å–ø–∏—Ü–∞–º–∏, –æ—Ç–∫—Ä—ã—Ç–∫–∞, –≤–∞–∑—ã, –±—É–∫–µ—Ç—ã, –ø–∞–Ω–Ω–æ –∏–∑ –∫—Ä—É–ø—ã –∏ —è–∏—á–Ω—ã—Ö –ª–æ—Ç–∫–æ–≤, —Ç–æ—Ä—Ü–µ–≤–∞–Ω–∏–µ, –∞–ø–ø–ª–∏–∫–∞—Ü–∏—è, –∂–≥—É—Ç, –ø–∞–ø—å–µ-–º–∞—à–µ –∏–∑ –ø—Ä–∏—Ä–æ–¥–Ω–æ–≥–æ –º–∞—Ç–µ—Ä–∏–∞–ª–∞ –∏ –∏–∑ –º–æ–∫—Ä–æ–π —Ç–∫–∞–Ω–∏ –∏ –¥—Ä—É–≥–∏—Ö. 
–£—á–∞—Å—Ç–Ω–∏–∫–∏ —Å–º–∞—Å—Ç–µ—Ä–∏–ª–∏ –∏–∑ –ø–æ–¥—Ä—É—á–Ω—ã—Ö –º–∞—Ç–µ—Ä–∏–∞–ª–æ–≤ –Ω–∞—Å—Ç–æ—è—â–∏–µ —à–µ–¥–µ–≤—Ä—ã, –ø—Ä–æ—è–≤–∏–≤ –≤—ã–¥—É–º–∫—É –∏ —Ç–∞–ª–∞–Ω—Ç. –ü—Ä–∏ —ç—Ç–æ–º –Ω–∏ –æ–¥–Ω–∞ —Ä–∞–±–æ—Ç–∞ –Ω–µ –ø–æ–≤—Ç–æ—Ä—è–µ—Ç—Å—è. 
–Ø—Ä–∫–∏–µ –∏ –æ—Ä–∏–≥–∏–Ω–∞–ª—å–Ω—ã–µ –ø–æ–¥–µ–ª–∫–∏ —Ä–∞–¥—É—é—Ç –¥–µ—Ç–µ–π, –ø–µ–¥–∞–≥–æ–≥–æ–≤ –∏ —Ä–∞–±–æ—Ç–Ω–∏–∫–æ–≤ —à–∫–æ–ª—ã —Å–≤–æ–∏–º –º–Ω–æ–≥–æ–æ–±—Ä–∞–∑–∏–µ–º, —è—Ä–∫–∏–º–∏ –∏ –Ω–∞—Å—ã—â–µ–Ω–Ω—ã–º–∏ –∫—Ä–∞—Å–∫–∞–º–∏, –≤ –æ—á–µ—Ä–µ–¥–Ω–æ–π —Ä–∞–∑ –¥–æ–∫–∞–∑—ã–≤–∞—è, —á—Ç–æ –¥–µ—Ç—Å–∫–∏–µ —Ñ–∞–Ω—Ç–∞–∑–∏–∏ –±–µ–∑–≥—Ä–∞–Ω–∏—á–Ω—ã."
1,"–ü—Ä–æ–¥–∞–º –∫–∞–ª–∏–Ω—É –∏ —à–∏–ø–æ–≤–Ω–∏–∫,250—Ä –∫–≥"
0,–ó–¥—Ä–∞–≤—Å—Ç–≤—É–π—Ç–µ –¥—Ä—É–∑—å—è –≥—Ä—É–ø–ø—ã –ü–æ—á–∏—Ç–∞–π –ú–∞–ª–º—ã–∂. –ù—É–∂–Ω–æ –ª–∏ –ø—Ä–æ–¥–æ–ª–∂–µ–Ω–∏–µ –∫–Ω–∏–≥–∏. –ú–æ–∂–µ—Ç–µ –ø–∏—Å–∞—Ç—å –≤ –ª–∏—á–Ω—ã–µ —Å–æ–æ–±—â–µ–Ω–∏—è.
1,"–ì–∞–∑–æ–≤–∞—è –ø–ª–∏—Ç–∞ –ì–µ—Ñ–µ—Å—Ç –±.—É 1 –º–µ—Å—è—Ü.–¥—É—Ö–æ–≤–∫–∞ –Ω–µ–∏—Å–ø–æ–ª—å–∑–æ–≤–∞–ª–∞—Å—å.—Ü–µ–Ω–∞ 10—Ç—ã—Å.
89195253911"
1,–î–µ—Ç—Å–∫–∞—è –∫—Ä–æ–≤–∞—Ç–∫–∞ —Å –º–∞—Ç—Ä–∞—Å–æ–º! –°–æ—Å—Ç–æ—è–Ω–∏–µ –æ—Ç–ª–∏—á–Ω–æ–µ! –¶–µ–Ω–∞ –∑–∞ –≤—Å–µ 1000‚ÇΩ 89274444397
1,"–ö—É–ø–ª—é –∫–æ–ª–µ—Å–∞ 175 / 65 r 14 –∑–∏–º–Ω–∏–µ 
953 942 31 88"
0,"ü§îü§îü§î–£–≥–∞–¥–∞–µ—à—å —á—Ç–æ —Ç–∞–∫–æ–µ?!
(–û—Ç–≤–µ—Ç —Å–∫–∏–Ω—É –≤ —Ç–µ—á.—Ç—Ä–µ—Ö —Å—É—Ç–æ–∫ –≤ –∫–æ–º–º–µ–Ω—Ç–∞—Ä–∏–∏)ü§∑‚Äç‚ôÄÔ∏èü§∑‚Äç‚ôÇÔ∏èü§∑‚Äç‚ôÄÔ∏èü§∑‚Äç‚ôÇÔ∏è"
0,"–ü—Ä–æ–¥–∞—é—Ç—Å—è —Å–∏—Å—Ç–µ–º–Ω—ã–µ –±–ª–æ–∫–∏, –Ω–æ—É—Ç–±—É–∫–∏, –º–æ–Ω–æ–±–ª–æ–∫–∏, –º–æ–Ω–∏—Ç–æ—Ä—ã, TV –ø—Ä–∏—Å—Ç–∞–≤–∫–∏(–±–µ—Å–ø–ª–∞—Ç–Ω—ã–µ –∫–∞–Ω–∞–ª—ã),–±–µ–∑–ª–∏–º–∏—Ç–Ω—ã–π wi fi –º–æ–¥–µ–º, —Ä–∞–∑–ª–∏—á–Ω—ã—Ö –±—Ä–µ–Ω–¥–æ–≤. 
‚Äã–ü–∏—Å–∞—Ç—å –≤ –ª–∏—á–∫—É –∏–ª–∏ 89823935550 
- –ü–æ–ª–Ω–æ—Å—Ç—å—é –ø—Ä–æ—Ç–µ—Å—Ç–∏—Ä–æ–≤–∞–Ω—ã, –ø–æ–¥–≥–æ—Ç–æ–≤–ª–µ–Ω—ã –∫ —Ä–∞–±–æ—Ç–µ. 
- –£—Å—Ç–∞–Ω–æ–≤–ª–µ–Ω —Å–≤–µ–∂–∏–π —Å–æ—Ñ—Ç. 
- –û–ø–ª–∞—Ç–∞ –ù–∞–ª/–ø–µ—Ä–µ–≤–æ–¥–æ–º 
- –î–æ—Å—Ç–∞–≤–∫–∞ –ø–æ –≥–æ—Ä–æ–¥—É –∏ —Ä–∞–π–æ–Ω–∞–º. 
- –ì–∞—Ä–∞–Ω—Ç–∏—è 
************************************* 
–°–∏—Å—Ç–µ–º–Ω—ã–µ –±–ª–æ–∫–∏ 
1.Core i3 2100/2120/ 4gb ddr3/ 250gb hdd ‚Äì 8490—Ä 
2.Core i3 3220/3240/ 4gb ddr3/ 250gb hdd ‚Äì 8990—Ä 
3.Core i5 2400/2500/ 4gb ddr3/ 250gb hdd ‚Äì 10490—Ä 
4.Core i5 3470/3550/ 4gb ddr3/ 250gb hdd ‚Äì 11490—Ä 
5.Core i5 4440/4570/ 4gb ddr3/ 250gb hdd ‚Äì 14490—Ä 
**************************************** 
–ò–≥—Ä–æ–≤—ã–µ –±–ª–æ–∫–∏ 
i5-3470/8gb ddr3/250gb hdd/geforce gt330 2gb - 15500—Ä 
i5-3470/8gb ddr3/250gb hdd/Radeon HD7570 2gb - 16500 
i5-3470/8gb ddr3/250gb hdd/Nvivdia K620 2gb - 17000—Ä 
 
i5-2400/8gb ddr3/250gb hdd/geforce gt330 2gb - 14500—Ä 
i5-2400/8gb ddr3/250gb hdd/Radeon HD7570 2gb - 15000 
i5-2400/8gb ddr3/250gb hdd/Nvivdia K620 2gb - 15500—Ä 
¬∞¬∞¬∞¬∞¬∞¬∞¬∞¬∞¬∞¬∞¬∞¬∞¬∞¬∞¬∞¬∞¬∞¬∞¬∞¬∞¬∞¬∞¬∞¬∞¬∞¬∞¬∞¬∞¬∞¬∞¬∞¬∞¬∞¬∞¬∞¬∞¬∞¬∞¬∞¬∞¬∞¬∞¬∞ 
–°–º–∞—Ä—Ç TV Android –ø—Ä–∏—Å—Ç–∞–≤–∫–∞ 
–°–≤—ã—à–µ 200 –±–µ—Å–ø–ª–∞—Ç–Ω—ã—Ö –∫–∞–Ω–∞–ª–æ–≤ 
–†–∞–±–æ—Ç–∞–µ—Ç –æ—Ç –ª—é–±–æ–≥–æ –∏–Ω—Ç–µ—Ä–Ω–µ—Ç–∞ –∏–ª–∏ wi fi. -3300—Ä 
√ó√ó√ó√ó√ó√ó√ó√ó√ó√ó√ó√ó√ó√ó√ó√ó√ó√ó√ó√ó√ó√ó√ó√ó√ó√ó√ó√ó√ó 
–ú–æ–¥–µ–º zte mf79ru 
–ú–æ–¥–µ–º —Å —Ä–∞–∑–¥–∞—á–µ–π wi fi 10 —É—Å—Ç—Ä–æ–π—Å—Ç–≤. –ü–æ–ª–Ω–æ—Å—Ç—å—é –ø—Ä–æ—à–∏—Ç—ã–π , —Ä–∞–±–æ—Ç–∞–µ—Ç —Å –ª—é–±–æ–π —Å–∏–º-–∫–∞—Ä—Ç–æ–π. - 3500—Ä 
¬∞¬∞¬∞¬∞¬∞¬∞¬∞¬∞¬∞¬∞¬∞¬∞¬∞¬∞¬∞¬∞¬∞¬∞¬∞¬∞¬∞¬∞¬∞¬∞¬∞¬∞¬∞¬∞¬∞¬∞¬∞¬∞¬∞¬∞¬∞¬∞¬∞¬∞¬∞¬∞¬∞ 
–ú–æ–Ω–∏—Ç–æ—Ä—ã 
17 –¥—é–∏–º- 1400—Ä 
19 –∫–≤ –¥—é–∏–º- 2000—Ä 
19 –¥—é–∏–º —à–∏—Ä- 2500—Ä 
20 –¥—é–∏–º —à–∏—Ä -3400—Ä 
22 –¥—é–∏–º —à–∏—Ä-4300—Ä 
************************************** 
–î–æ–ø–æ–ª–Ω–∏—Ç–µ–ª—å–Ω–æ; 
+4–≥–± –û–ó–£ -1500—Ä 
–ö–æ–º–ª–µ–∫—Ç –∫–∞–±–µ–ª–µ–π ‚Äì 250—Ä 
*************************************** 
–ö–ª–∞–≤–∏–∞—Ç—É—Ä–∞/–º—ã—à—å ‚Äì 700—Ä (–Ω–æ–≤—ã–π) 
SSD 120gb -2000—Ä (–Ω–æ–≤—ã–π) 
*************************************** 
--------‚Äî –ë–û–ù–£–°–´ ‚Äî------‚Äî 
-‚Äî –ù–∞ –∫–∞–∂–¥—ã–π –ü–ö —É–∂–µ —É—Å—Ç–∞–Ω–æ–≤–ª–µ–Ω–∞ –æ–ø–µ—Ä–∞—Ü–∏–æ–Ω–Ω–∞—è —Å–∏—Å—Ç–µ–º–∞ Windows –∏ –ø–∞–∫–µ—Ç –¥—Ä–∞–π–≤–µ—Ä–æ–≤. 
-‚Äî Microsoft Office ‚Äì —É—Å—Ç–∞–Ω–æ–≤–∏–º –í –ü–û–î–ê–†–û–ö (–ø–æ –ø—Ä–µ–¥–≤–∞—Ä–∏—Ç–µ–ª—å–Ω–æ–π –¥–æ–≥–æ–≤–æ—Ä–µ–Ω–Ω–æ—Å—Ç–∏) 
_________________________________________________________ 
 
–ó–≤–æ–Ω–∏—Ç–µ, –ø–∏—à–∏—Ç–µ –≤ –ª–∏—á–Ω—ã–µ —Å–æ–æ–±—â–µ–Ω–∏—è, –æ—Ç–≤–µ—Ç–∏–º –Ω–∞ –∏–Ω—Ç–µ—Ä–µ—Å—É—é—â–∏–µ –í–∞—Å –≤–æ–ø—Ä–æ—Å—ã!"
1,"–ü—Ä–æ–¥–∞—é—Ç –ª–∏ —É –Ω–∞—Å  –∞–≤—Ç–æ–º–æ–±–∏–ª–∏ –∫—Ä–æ–º–µ –∞–≤—Ç–æ–≤–∞–∑–∞ –≤ —Ä–∞–π–æ–Ω–µ 60 000-70 000 —Ä—É–±–ª–µ–π?
–ê–Ω–æ–Ω–∏–º–Ω–æ"
1,"–ö—Ç–æ –Ω–∏–±—É–¥—å –ø—Ä–æ–¥–∞–µ—Ç –Ω–∏–≤—É –®–µ–≤—Ä–æ–ª–µ? –¢–æ–ª—å–∫–æ –æ—Ç —Å–æ–±—Å—Ç–≤–µ–Ω–Ω–∏–∫–∞, –≤ –ø—Ä–µ–¥–µ–ª–∞—Ö 300 —Ç—ã—Å—è—á."
1,IP-TV –ø—Ä–∏—Å—Ç–∞–≤–∫–∞ SML-292
1,–í–∞–∑ 2110
1,"–ú—É—Å—É–ª—å–º–∞–Ω—Å–∫–æ–µ –ø–ª–∞—Ç—å–µ (–±—é—Ä—é–∑–æ–≤–æ–µ) 46 —Ä, 600 —Ä"
1,–ü—Ä–æ–¥–∞–º –º—è—Å–æ —Å–≤–∏–Ω–∏–Ω—ã 280 —Ä—É–± –∫–≥.
1,"#–ù–ê–°–ï–õ–ï–ù–ù–´–ï–ü–£–ù–ö–¢–´_–ú–ê–õ–ú–´–ñ–°–ö–û–ì–û–ö–†–ê–Ø

 –í –Ω–∞—á–∞–ª–µ XIX –≤–µ–∫–∞ –∂–∏—Ç–µ–ª–∏ –¥. –ë–æ–ª—å—à–æ–π –ö–∏—Ç—è–∫ —Ä–µ—à–∏–ª–∏ –Ω–∞–π—Ç–∏ –∏—Å—Ç–æ–∫ —Ä–µ—á–∫–∏ –ö–∏—Ç—è—á–∫–∏. –ü–æ–¥–Ω—è–≤—à–∏—Å—å –≤–≤–µ—Ä—Ö –ø–æ —Ç–µ—á–µ–Ω–∏—é –Ω–∞ 8 –≤–µ—Ä—Å—Ç, –æ–Ω–∏ –æ–±–Ω–∞—Ä—É–∂–∏–ª–∏ –∏—Å—Ç–æ—á–Ω–∏–∫, –∏–∑ –∫–æ—Ç–æ—Ä–æ–≥–æ –±—Ä–∞–ª–∞ —Å–≤–æ–µ –Ω–∞—á–∞–ª–æ —Ä–µ—á–∫–∞. –û–Ω –≤—ã—Ö–æ–¥–∏–ª –∏–∑-–ø–æ–¥ –Ω–µ–±–æ–ª—å—à–æ–≥–æ —Ö–æ–ª–º–∞ —Ç—Ä–µ–º—è —Ä—É—á—å—è–º–∏, –≤–æ–¥–∞ –∫–æ—Ç–æ—Ä—ã—Ö –æ–±—ä–µ–¥–∏–Ω—è–ª–∞—Å—å –≤ –æ–¥–Ω–æ —Ä—É—Å–ª–æ. –ò—Å—Ç–æ—á–Ω–∏–∫ –±—ã–ª –¥–æ–≤–æ–ª—å–Ω–æ —Å–∏–ª—å–Ω—ã–º. –ó–¥–µ—Å—å –≤—Å–∫–æ—Ä–µ –ø–æ—è–≤–∏–ª—Å—è –ø–æ—á–∏–Ω–æ–∫, –∫–æ—Ç–æ—Ä—ã–π –ø–æ–∑–¥–Ω–µ–µ —Å—Ç–∞–ª–∏ –Ω–∞–∑—ã–≤–∞—Ç—å –ö–∞–º–µ–Ω–Ω—ã–π –ö–ª—é—á. 
 –ü–µ—Ä–≤—ã–º–∏ –æ—Å–Ω–æ–≤–∞—Ç–µ–ª—è–º–∏ –ø–æ—á–∏–Ω–∫–∞ –±—ã–ª–∏: –ò–∑–µ—ç—Ä–≥—ç (–º–∞–ª–µ–Ω—å–∫–∏–π —á–µ–ª–æ–≤–µ–∫), –û—à—ç—Ä–≥—ç (–±–µ–ª—ã–π —á–µ–ª–æ–≤–µ–∫), –ö—É–≥–æ—ç—Ä–≥—ç (–±–æ–ª—å—à–æ–π —á–µ–ª–æ–≤–µ–∫) ‚Äì –ó–∞–π—Ü–µ–≤—ã, –ü–æ—Ç–∫–∏–Ω—ã –∏ –ë–∞–∂–∞–Ω–æ–≤—ã. –ü–æ–∑–¥–Ω–µ–µ –ø–æ—è–≤–∏–ª–∏—Å—å –î—É—Å–∞–µ–≤—ã. 
 –í —Ç–æ –≤—Ä–µ–º—è –æ—Å–Ω–æ–≤–Ω—ã–º –∑–∞–Ω—è—Ç–∏–µ–º –Ω–∞—Å–µ–ª–µ–Ω–∏—è –±—ã–ª–∏ –æ—Ö–æ—Ç–∞ –∏ —Ä—ã–±–æ–ª–æ–≤—Å—Ç–≤–æ (–≤ –ø—Ä–æ–∑—Ä–∞—á–Ω–æ–π –≤–æ–¥–µ –≤ –∏–∑–æ–±–∏–ª–∏–∏ –≤–æ–¥–∏–ª–∞—Å—å —â—É–∫–∞). 
 –í –°–ø–∏—Å–∫–∞—Ö –Ω–∞—Å–µ–ª—ë–Ω–Ω—ã—Ö –º–µ—Å—Ç –í—è—Ç—Å–∫–æ–π –≥—É–±–µ—Ä–Ω–∏–∏ 1802 –≥–æ–¥–∞ –ø–æ—á. –ö–∞–º–µ–Ω–Ω—ã–π –ö–ª—é—á –≤—Ö–æ–¥–∏—Ç –≤ —Å–æ—Å—Ç–∞–≤ –ö–µ—Ç—è—Ç—Å–∫–æ–π –≤–æ–ª–æ—Å—Ç–∏ –ï–ª–∞–±—É–∂—Å–∫–æ–≥–æ –æ–∫—Ä—É–≥–∞. –í –ø–æ—á–∏–Ω–∫–µ –Ω–∞—Å—á–∏—Ç—ã–≤–∞–ª–æ—Å—å 4 –¥–≤–æ—Ä–∞. 
 –í 1817 –≥–æ–¥—É –ö–∞–º–µ–Ω–Ω—ã–π –ö–ª—é—á –±—ã–ª –æ—Ç–Ω–µ—Å–µ–Ω –∫ –°–∞—Ä–¥—ã–±–∞–∂—Å–∫–æ–π –≤–æ–ª–æ—Å—Ç–∏ –≤–Ω–æ–≤—å –æ–±—Ä–∞–∑–æ–≤–∞–Ω–Ω–æ–≥–æ –ú–∞–ª–º—ã–∂—Å–∫–æ–≥–æ —É–µ–∑–¥–∞. 
 –í 1860 –≥–æ–¥—É –ø—Ä–æ—à–ª–æ –∫—Ä–µ—â–µ–Ω–∏–µ –Ω–∞—Å–µ–ª–µ–Ω–∏—è –¥. –ö–∞–º–µ–Ω–Ω—ã–π –ö–ª—é—á. –¢–æ–≥–¥–∞ –º–∞—Ä–∏–π—Ü—ã –ø–æ–ª—É—á–∏–ª–∏ –∏–º–µ–Ω–∞ –∏ —Ñ–∞–º–∏–ª–∏–∏. 
 –õ—é–¥–∏ –≤ –¥–µ—Ä–µ–≤–Ω–µ –∂–∏–ª–∏ —Ä–æ—Å–ª—ã–µ –∏ –æ—á–µ–Ω—å —Å–∏–ª—å–Ω—ã–µ: –∫–æ–≥–¥–∞ –º—É–∂—á–∏–Ω—ã –ø–æ—è–≤–ª—è–ª–∏—Å—å –Ω–∞ –±–∞–∑–∞—Ä–µ –≤ –ë–æ–ª—å—à–æ–º –ö–∏—Ç—è–∫–µ, –º–Ω–æ–≥–∏–µ —Å–ø–µ—Ü–∏–∞–ª—å–Ω–æ —Ö–æ–¥–∏–ª–∏ –Ω–∞ –Ω–∏—Ö –ø–æ—Å–º–æ—Ç—Ä–µ—Ç—å. 
 –ü–æ –ø–æ–¥–≤–æ—Ä–Ω–æ–π –ø–µ—Ä–µ–ø–∏—Å–∏ 1884 –≥–æ–¥–∞ –≤ –¥–µ—Ä–µ–≤–Ω–µ —á–∏—Å–ª–∏–ª–æ—Å—å 13 –¥–≤–æ—Ä–æ–≤, –≤ –∫–æ—Ç–æ—Ä—ã—Ö –ø—Ä–æ–∂–∏–≤–∞–ª–æ 42 —á–µ–ª–æ–≤–µ–∫–∞ –º—É–∂—Å–∫–æ–≥–æ –ø–æ–ª–∞ –∏ 60 ‚Äì –∂–µ–Ω—Å–∫–æ–≥–æ. 
 –û—Å–Ω–æ–≤–Ω–æ–µ –∑–∞–Ω—è—Ç–∏–µ –Ω–∞—Å–µ–ª–µ–Ω–∏—è ‚Äì –ª–µ—Å–Ω–æ–π –ø—Ä–æ–º—ã—Å–µ–ª, —Ä–∞–∑–≤–æ–¥–∏–ª–∏ –∫–æ–Ω–æ–ø–ª—é. 
 –° 1886 –≥–æ–¥–∞ –≤ –¥–µ—Ä–µ–≤–Ω–µ –æ—Ç–∫—Ä—ã—Ç–∞ –º–∏—Å—Å–∏–æ–Ω–µ—Ä—Å–∫–∞—è —à–∫–æ–ª–∞, –∫–æ—Ç–æ—Ä–∞—è —Å–æ–¥–µ—Ä–∂–∞–ª–∞—Å—å –Ω–∞ —Å—Ä–µ–¥—Å—Ç–≤–∞ –∫–æ–º–∏—Ç–µ—Ç–∞ –ø—Ä–∞–≤–æ—Å–ª–∞–≤–Ω–æ–≥–æ –º–∏—Å—Å–∏–æ–Ω–µ—Ä—Å–∫–æ–≥–æ –æ–±—â–µ—Å—Ç–≤–∞. 
 –ü–æ –ø–µ—Ä–µ–ø–∏—Å–∏ –Ω–∞—Å–µ–ª–µ–Ω–∏—è 1926 –≥–æ–¥–∞ –≤ –¥–µ—Ä–µ–≤–Ω–µ –Ω–∞—Å—á–∏—Ç—ã–≤–∞–ª–æ—Å—å 200 –∂–∏—Ç–µ–ª–µ–π, –∫–æ—Ç–æ—Ä—ã–µ –ø—Ä–æ–∂–∏–≤–∞–ª–∏ –≤ 38 –∫—Ä–µ—Å—Ç—å—è–Ω—Å–∫–∏—Ö —Ö–æ–∑—è–π—Å—Ç–≤–∞—Ö. 
 –í –≥–æ–¥—ã –∫–æ–ª–ª–µ–∫—Ç–∏–≤–∏–∑–∞—Ü–∏–∏ –≤ –¥–µ—Ä–µ–≤–Ω–µ –±—ã–ª–∞ —Å–æ–∑–¥–∞–Ω–∞ –∫–æ–º–º—É–Ω–∞ ¬´–ö–ª—é—á¬ª. –ü—Ä–µ–¥—Å–µ–¥–∞—Ç–µ–ª–µ–º –±—ã–ª –Ω–∞–∑–Ω–∞—á–µ–Ω –¢.–ò. –î—É—Å–∞–µ–≤. –ß–µ—Ä–µ–∑ –≥–æ–¥ –≤ —Ä–µ–∑—É–ª—å—Ç–∞—Ç–µ –Ω–µ–æ—Ä–≥–∞–Ω–∏–∑–æ–≤–∞–Ω–Ω–æ—Å—Ç–∏ –∫–æ–ª—Ö–æ–∑ —Ä–∞—Å–ø–∞–ª—Å—è. –ü–æ–∑–¥–Ω–µ–µ –±—ã–ª –æ—Ä–≥–∞–Ω–∏–∑–æ–≤–∞–Ω –Ω–æ–≤—ã–π –∫–æ–ª—Ö–æ–∑ —Å —Ç–∞–∫–∏–º –∂–µ –Ω–∞–∑–≤–∞–Ω–∏–µ–º. 
 –í 30-–µ –≥–æ–¥—ã –≤ –¥–µ—Ä–µ–≤–Ω–µ –±—ã–ª –æ—Ç–∫—Ä—ã—Ç –∫–ª—É–±."
1,–ó–∏–º–Ω–∏–π –∫–æ–º–±–∏–Ω–µ–∑–æ–Ω
1,"üôèüôèüôè–ú–æ–∂–µ—Ç, –∫—Ç–æ-–Ω–∏–±—É–¥—å –∑–Ω–∞–µ—Ç, –∫–∞–∫ —Ä–∞–±–æ—Ç–∞–µ—Ç –≤ –ø–æ–Ω–µ–¥–µ–ª—å–Ω–∏–∫ –≤—Ä–∞—á-—Ç–µ—Ä–∞–ø–µ–≤—Ç–¢—Ä–æ–Ω–∏–Ω–∞."
0,"–û—Ç–¥–∞–º , –¥–µ–≤–æ—á–∫–∞"
1,–°–Ω–∏–º—É –∫–≤–∞—Ä—Ç–∏—Ä—É –∏–ª–∏ –¥–æ–º  –Ω–∞ –¥–ª–∏—Ç–µ–ª—å–Ω—ã–π —Å—Ä–æ–∫  –æ—Ç–ø–∏—à—É—Å—å –∞–Ω–æ–Ω–∏–º
1,"–ü—Ä–æ–¥–∞–º –º—è–≥–∫—É—é –º–µ–±–µ–ª—å, –¥–∏–≤–∞–Ω —Å –¥–≤—É–º—è –∫—Ä–µ—Å–ª–∞–º–∏, —á–µ—Ö–ª—ã –≤ –ø–æ–¥–∞—Ä–æ–∫, 10000 —Ä—É–±. –§–æ—Ç–æ –≤ –ª–∏—á–∫—É. –ê–Ω–æ–Ω."
1,"–ü—Ä–æ–¥–∞–º –¥–µ—Ç—Å–∫—É—é –∫–æ–ª—è—Å–∫—É 2 –≤ 1, —à–µ–∑–ª–æ–Ω–≥ –≤ –ø–æ–¥–∞—Ä–æ–∫. 4000 —Ä—É–±. –§–æ—Ç–æ –≤—ã—à–ª—é –≤ –ª–∏—á–∫—É. –ê–Ω–æ–Ω."
0,"–í—ã–ø–æ–ª–Ω—è—é –∑–∞–¥–∞–Ω–∏—è —Å—Ç—É–¥–µ–Ω—Ç–∞–º –ø–æ –∫—É—Ä—Å—É –ò–Ω–∂–µ–Ω–µ—Ä–Ω–∞—è –≥—Ä–∞—Ñ–∏–∫–∞"", —á–∞—Å—Ç–∏—á–Ω–æ –∏–∑ –∫—É—Ä—Å–∞ ""–ù–∞—á–µ—Ä—Ç–∞—Ç–µ–ª—å–Ω–∞—è –≥–µ–æ–º–µ—Ç—Ä–∏—è"", –∞ —Ç–∞–∫–∂–µ —Ä–∞–∑—Ä–∞–±–∞—Ç—ã–≤–∞—é 3D –º–æ–¥–µ–ª–µ–π –≤ –ø—Ä–æ–≥—Ä–∞–º–º–µ –ö–æ–º–ø–∞—Å 3D. (–ê–Ω–æ–Ω)."
1,"–ü—Ä–∏–∫–ª—é—á–µ–Ω–∏—è –º–∞–ª–µ–Ω—å–∫–æ–π —Å–æ–±–∞–∫–∏

–ü—Ä–æ—à–ª–∞ –Ω–µ–¥–µ–ª—è –ø–æ—Å–ª–µ —Ç–æ–π –∑–ª–æ–ø–æ–ª—É—á–Ω–æ–π –ø—Ä–æ–≥—É–ª–∫–∏. –¢–æ–π –ø—Ä–æ–≥—É–ª–∫–∏, –∫–æ–≥–¥–∞ –Ω–µ–¥–∞–ª—å–Ω–æ–≤–∏–¥–Ω—ã–π –≤–æ–¥–∏—Ç–µ–ª—å —Å–µ—Ä–µ–±—Ä–∏—Å—Ç–æ–π –¥–µ—Å—è—Ç–∫–∏ —Å–±–∏–ª –Ω–∞ —Å–≤–µ—Ç–æ—Ñ–æ—Ä–µ –Ω–∞—à–µ–≥–æ –ú–∏—Ç—é.

–ü—ë—Å –æ–¥–Ω–æ–∑–Ω–∞—á–Ω–æ –Ω–∞—Ä—É—à–∞–ª - –±–µ–≥–∞–ª —Å—É–µ—Ç–ª–∏–≤–æ –∏ –±–µ—Å–ø–µ—á–Ω–æ –≤–¥–æ–ª—å –∏ –ø–æ–ø–µ—Ä—ë–∫ –¥–æ—Ä–æ–≥–∏. –•–æ–∑—è–µ–≤–∞ –ø—Å–∞, —Ç–æ –µ—Å—Ç—å –º—ã, –Ω–∞—Ä—É—à–∞–ª–∏ - –≤—ã–≤–µ–ª–∏ —Å–µ–º–µ–π—Å—Ç–≤–æ –∏–∑ –¥–≤—É—Ö –¥–µ—Ç–µ–π –∏ –¥–≤—É—Ö —Å–æ–±–∞–∫ –±–µ–∑ –ø–æ–≤–æ–¥–∫–æ–≤  (–ø–æ–≤–æ–¥–∫–∏ –∑–¥–µ—Å—å –Ω–∏–∫–æ–º—É –ª–∏—à–Ω–∏–º–∏ –Ω–µ —Å—Ç–∞–ª–∏ –±—ã).

–ü—Ä–∞–≤ –±—ã–ª –æ–¥–∏–Ω —Ç–æ–ª—å–∫–æ –≤–æ–¥–∏—Ç–µ–ª—å —Å–µ—Ä–µ–±—Ä–∏—Å—Ç–æ–π –¥–µ—Å—è—Ç–∫–∏. –ï—Ö–∞–ª —Å —Ä–∞–∑—Ä–µ—à–µ–Ω–Ω–æ–π —Å–∫–æ—Ä–æ—Å—Ç—å—é –Ω–∞ –∑–µ–ª—ë–Ω—ã–π —Å–∏–≥–Ω–∞–ª —Å–≤–µ—Ç–æ—Ñ–æ—Ä–∞. –í–æ—Ç —Ç–æ–ª—å–∫–æ —Å–∏—Ç—É–∞—Ü–∏—é –Ω–µ –æ—Ü–µ–Ω–∏–ª, –≤–Ω–∏–º–∞—Ç–µ–ª—å–Ω–µ–µ –Ω–µ —Å—Ç–∞–ª, –Ω–∞ —Ç–æ—Ä–º–æ–∑ –Ω–µ –Ω–∞–∂–∞–ª –∏ —Å –º–µ—Å—Ç–∞ –ø—Ä–æ–∏—Å—à–µ—Å—Ç–≤–∏—è —É–¥—Ä–∞–ª. –ù–∞–≤–µ—Ä–Ω–æ–µ, —Å—Ç—Ä—É—Å–∏–ª. 

–ú–∏—Ç—é —Å –∞—Å—Ñ–∞–ª—å—Ç–∞ –º—ã –æ—Ç–∫–æ–≤—ã—Ä—è–ª–∏, –æ—Ç—ã—Å–∫–∞–ª–∏ –≤ –ø—Ä–æ–ø–∞—â–µ–º –≥–æ—Ä–æ–¥–µ –ú–∞–ª–º—ã–∂–µ –≤–µ—Ç–µ—Ä–∏–Ω–∞—Ä–∞, –∫–æ—Ç–æ—Ä—ã–π –ø–æ–º–æ–≥ –æ–±–µ–∑–±–æ–ª–∏—Ç—å –ø–ª–∞—á—É—â–µ–≥–æ –ø—Å–∞. –ò —Å—Ç–∞–ª–∏ –∂–¥–∞—Ç—å —É—Ç—Ä–∞ - –¥–æ–∂–∏–≤–µ—Ç/–Ω–µ –¥–æ–∂–∏–≤—ë—Ç.

–ù–∞—à –º–∞–ª–µ–Ω—å–∫–∏–π –±–æ–µ—Ü —Å–ø—Ä–∞–≤–∏–ª—Å—è. –¢—Ä–∏ –¥–Ω—è –≤ —Å—Ç–∞—Ü–∏–æ–Ω–∞—Ä–µ ""–ú–∞–ª–µ–Ω—å–∫–æ–≥–æ –ø—Ä–∏–Ω—Ü–∞"", –µ—â—ë —Ç—Ä–∏ –¥–Ω—è –∫–∞–ø–µ–ª—å–Ω–∏—Ü —Ä–µ–¥–∫–æ–≥–æ –¥–æ—Ä–æ–≥–æ–≥–æ –ª–µ–∫–∞—Ä—Å—Ç–≤–∞, –∏ –ú–∏—Ç—è –õ—é—Ç—ã–π —Å–Ω–æ–≤–∞ –¥–µ—Ä–∂–∏—Ç –≤ —Å—Ç—Ä–∞—Ö–µ –æ–∫—Ä–µ—Å—Ç–Ω–æ—Å—Ç–∏ –∫–∞–ª–∏–Ω–∏–Ω—Å–∫–æ–≥–æ –ë—Ä–∏—Å—Ç–æ–ª—è. 

–õ—é–¥–∏ –¥–æ–±—Ä—ã–µ,  –±—É–¥—å—Ç–µ —Ç–∞–∫ –ª—é–±–µ–∑–Ω—ã –µ—Å–ª–∏ –≤—Ü–µ–ø–∏—Ç—Å—è –≤ —à—Ç–∞–Ω—ã –≤–∞–º –Ω–∞—à–∞ –∑–≤–µ—Ä—É—à–∫–∞,  –Ω–µ –ø–∏–Ω–∞–π—Ç–µ - –æ–Ω –≤—Å—ë-—Ç–∞–∫–∏ –∂–µ—Ä—Ç–≤–∞ –∞–≤–∞—Ä–∏–∏, —Å—Ç—Ä—è—Ö–Ω–∏—Ç–µ –∫–∞–∫-–Ω–∏–±—É–¥—å –ø–æ–ª–∞—Å–∫–æ–≤–µ–µ. 

–î–æ—Ä–æ–≥–æ–π –≤–æ–¥–∏—Ç–µ–ª—å —Å–µ—Ä–µ–±—Ä–∏—Å—Ç–æ–π –¥–µ—Å—è—Ç–∫–∏! –°–ø–∏—Ç—Å—è —Ç–µ–±–µ, –Ω–∞–≤–µ—Ä–Ω–æ–µ, —Å–ø–æ–∫–æ–π–Ω–æ. –¢—ã –∂–µ –Ω–∏ –≤ —á–µ–º –Ω–µ –≤–∏–Ω–æ–≤–∞—Ç. –ê –∑–∞ –±–∞–º–ø–µ—Ä–æ–º —Ç—ã –≤–µ—Ä–Ω—É–ª—Å—è –ø–æ–¥ –ø–æ–∫—Ä–æ–≤–æ–º –Ω–æ—á–∏ –æ—Ç —Ç–æ–≥–æ, —á—Ç–æ —Ä–∞—Å—Ç–µ—Ä—è–ª—Å—è. –ü—É—Å—Ç—å —Ç–∞–∫. –ù–æ —Ç—ã –±—ã –ø–µ—Ä–µ–≤—ë–ª —Ö–æ—Ç—å –ø–æ–ª–æ–≤–∏–Ω—É —Å—É–º–º—ã –ª–µ—á–µ–Ω–∏—è –ú–∏—Ç–∏ –≤ –≥—Ä—É–ø–ø—É –ø–æ–º–æ—â–∏ –±–µ–∑–¥–æ–º–Ω—ã–º –∂–∏–≤–æ—Ç–Ω—ã–º - —Ç–µ–±–µ –±—ã –∑–∞—á–ª–∏ –≤ –Ω–µ–±–µ—Å–Ω–æ–π –∫–∞–Ω—Ü–µ–ª—è—Ä–∏–∏. üòâ

–ê —Ç–µ–ø–µ—Ä—å –±–ª–∞–≥–æ–¥–∞—Ä–Ω–æ—Å—Ç–∏. –ú—ã –∂–∏–≤—ë–º –≤ —Ç–∞–∫–æ–º –∏–Ω—Ç–µ—Ä–µ—Å–Ω–æ–º –º–µ—Å—Ç–µ, —á—Ç–æ —Ç–æ–ª—å–∫–æ –∑–Ω–∞–∫–æ–º—Å—Ç–≤–∞ –∏ –≤—ã—Ä—É—á–∞—é—Ç.  –°–ø–∞—Å–∏–±–æ —Å–µ–º—å–µ –û–ø–∞—Ä–∏–Ω—ã—Ö –∏ –ú–∞–∫—Å–∏–º—É –ê—Ä–∞—Å–ª–∞–Ω–æ–≤—É –∑–∞ —Ç–æ, —á—Ç–æ –æ—Ç–∫–ª–∏–∫–Ω—É–ª–∏—Å—å –Ω–∞ –ø–æ–º–æ—â—å. –ë–µ–∑ –ø—Ä–æ—Ñ–µ—Å—Å–∏–æ–Ω–∞–ª—å–Ω–æ–≥–æ –≤–º–µ—à–∞—Ç–µ–ª—å—Å—Ç–≤–∞ –Ω–∞–º –ø—Ä–∏—à–ª–æ—Å—å –±—ã —Ç—É–≥–æ. üôèüôèüôè–ò –≤—Ä–∞—á–∞–º –≤—è—Ç—Å–∫–æ–ø–æ–ª—è–Ω—Å–∫–æ–π –∫–ª–∏–Ω–∏–∫–∏ ""–ú–∞–ª–µ–Ω—å–∫–∏–π –ø—Ä–∏–Ω—Ü"" –±–æ–ª—å—à–æ–µ —Å–ø–∞—Å–∏–±–æ. –≠—Ç–æ, –ø–æ–∂–∞–ª—É–π,  –µ–¥–∏–Ω—Å—Ç–≤–µ–Ω–Ω–æ–µ –±–ª–∏–∂–∞–π—à–µ–µ –º–µ—Å—Ç–æ, –≥–¥–µ –º–æ–≥—É—Ç —Ä–µ—à–∏—Ç—å –ø—Ä–æ–±–ª–µ–º—É, –ø–æ–¥–æ–±–Ω—É—é –Ω–∞—à–µ–π.üê∂

–ï—Å–ª–∏ –∫–æ–º—É-—Ç–æ —Å—Ä–æ—á–Ω–æ –ø–æ—Ç—Ä–µ–±—É–µ—Ç—Å—è —Å–Ω—è—Ç—å –æ—Ç—ë–∫ –º–æ–∑–≥–∞, L-–ª–∏–∑–∏–Ω–∞ —ç—Å—Ü–∏–Ω–∞—Ç —É –Ω–∞—Å –æ—Å—Ç–∞–ª—Å—è, –∞ –≤ –∞–ø—Ç–µ–∫–µ —Ç–æ–ª—å–∫–æ –ø–æ–¥ –∑–∞–∫–∞–∑.üòè

–ê –º–∞–ª–µ–Ω—å–∫–∞—è —Å–æ–±–∞–∫–∞ –Ω–µ —Ñ–∞–∫—Ç, —á—Ç–æ –≤–æ–æ–±—â–µ –ø–æ–Ω—è–ª–∞, —á—Ç–æ —Å –Ω–µ–π –ø—Ä–∏–∫–ª—é—á–∏–ª–æ—Å—å.  –ï–¥–∏–Ω—Å—Ç–≤–µ–Ω–Ω–æ–µ, —á—Ç–æ –µ–π —Å—Ç–∞–ª–æ —è—Å–Ω–æ - –±–æ–ª—å—à–∏–µ –∏ –º–∞–ª–µ–Ω—å–∫–∏–µ –∫–æ–∂–∞–Ω—ã–µ –ª—é–±—è—Ç –µ—ë, –∏ –ú–∞—Ä—Ç–∞ –ª—é–±–∏—Ç, —Ö–æ—Ç—è –∏ –∫—É—Å–∞–µ—Ç..."
1,–ê–Ω–æ–Ω. –ú–æ–∂–µ—Ç —É –∫–æ–≥–æ-—Ç–æ –ª–µ–∂–∏—Ç –±–µ–∑ –Ω–∞–¥–æ–±–Ω–æ—Å—Ç–∏  —Å–∞–º–æ–Ω–∞–±–æ—Ä–Ω—ã–π —à—Ç–∞–º.–ö—É–ø–ª—é –Ω–∞–ø–æ–¥–æ–±–∏–µ —Ç–∞–∫–æ–≥–æ. –ú–æ–∂–Ω–æ –Ω–∞ –¥–≤–µ –æ–¥–Ω—É —Å—Ç—Ä–æ—á–∫—É.
1,"üìåüìåüìå–ò–∑-–∑–∞ –ø–∞–Ω–¥–µ–º–∏–∏ –†–æ—Å–ø–æ—Ç—Ä–µ–±–Ω–∞–¥–∑–æ—Ä –ø—Ä–æ–¥–ª–∏–ª –∑–∞–ø—Ä–µ—Ç –Ω–∞ –º–∞—Å—Å–æ–≤—ã–µ –º–µ—Ä–æ–ø—Ä–∏—è—Ç–∏—è –≤ —à–∫–æ–ª–∞—Ö –¥–æ 1 —è–Ω–≤–∞—Ä—è 2024 –≥–æ–¥–∞. –°–æ–æ—Ç–≤–µ—Ç—Å—Ç–≤—É—é—â–µ–µ –ø–æ—Å—Ç–∞–Ω–æ–≤–ª–µ–Ω–∏–µ –ø–æ–¥–ø–∏—Å–∞–ª –≥–ª–∞–≤–Ω—ã–π –≥–æ—Å—É–¥–∞—Ä—Å—Ç–≤–µ–Ω–Ω—ã–π —Å–∞–Ω–∏—Ç–∞—Ä–Ω—ã–π –≤—Ä–∞—á –ê–Ω–Ω–∞ –ü–æ–ø–æ–≤–∞.
 
–¢–∞–∫–∂–µ –≤ —Å–ø–∏—Å–∫–µ –æ–±—è–∑–∞—Ç–µ–ª—å–Ω—ã—Ö –∞–Ω—Ç–∏–∫–æ–≤–∏–¥–Ω—ã—Ö –º–µ—Ä, –∫–æ—Ç–æ—Ä—ã–µ –¥–æ–ª–∂–Ω—ã —Å–æ–±–ª—é–¥–∞—Ç—å—Å—è –≤ –æ–±—Ä–∞–∑–æ–≤–∞—Ç–µ–ª—å–Ω—ã—Ö —É—á—Ä–µ–∂–¥–µ–Ω–∏—è—Ö, –æ—Å—Ç–∞—é—Ç—Å—è: 
 
- –ø—Ä–æ–≤–µ—Ä–∫–∞ —Ç–µ–º–ø–µ—Ä–∞—Ç—É—Ä—ã –Ω–∞ –≤—Ö–æ–¥–µ –≤ —É—á–µ–±–Ω–æ–µ –∑–∞–≤–µ–¥–µ–Ω–∏–µ; 
- –∑–∞–ø—Ä–µ—Ç –Ω–∞ –ø—Ä–æ–≤–µ–¥–µ–Ω–∏–µ –º–∞—Å—Å–æ–≤—ã—Ö –º–µ—Ä–æ–ø—Ä–∏—è—Ç–∏–π —Å —É—á–∞—Å—Ç–∏–µ–º —Ä–∞–∑–Ω—ã—Ö –∫–ª–∞—Å—Å–æ–≤ –∏ –≥—Ä—É–ø–ø. 
- –∏–∑–æ–ª—è—Ü–∏—è –¥–µ—Ç–µ–π –∏ –≤–∑—Ä–æ—Å–ª—ã—Ö —Å –ø—Ä–∏–∑–Ω–∞–∫–∞–º–∏ –∏–Ω—Ñ–µ–∫—Ü–∏–æ–Ω–Ω—ã—Ö –∑–∞–±–æ–ª–µ–≤–∞–Ω–∏–π; 
- –µ–∂–µ–¥–Ω–µ–≤–Ω–∞—è —É–±–æ—Ä–∫–∞ –≤—Å–µ—Ö –ø–æ–º–µ—â–µ–Ω–∏–π —Å –ø—Ä–∏–º–µ–Ω–µ–Ω–∏–µ–º –º–æ—é—â–∏—Ö –∏ –¥–µ–∑–∏–Ω—Ñ–∏—Ü–∏—Ä—É—é—â–∏—Ö —Å—Ä–µ–¥—Å—Ç–≤; 
- –∑–∞–∫—Ä–µ–ø–ª–µ–Ω–∏–µ –∑–∞ –∫–∞–∂–¥—ã–º –∫–ª–∞—Å—Å–æ–º –æ—Ç–¥–µ–ª—å–Ω–æ–≥–æ –∫–∞–±–∏–Ω–µ—Ç–∞ –¥–ª—è –æ–±—É—á–µ–Ω–∏—è –ø–æ –≤—Å–µ–º –ø—Ä–µ–¥–º–µ—Ç–∞–º. 
 
–ü—Ä–∏ —ç—Ç–æ–º –ø–æ—Å–ª–µ–¥–Ω–µ–µ —Ç—Ä–µ–±–æ–≤–∞–Ω–∏–µ –Ω–µ –∫–∞—Å–∞–µ—Ç—Å—è –∑–∞–Ω—è—Ç–∏–π, –Ω–∞ –∫–æ—Ç–æ—Ä—ã—Ö –Ω–µ–æ–±—Ö–æ–¥–∏–º–æ –∏—Å–ø–æ–ª—å–∑–æ–≤–∞–Ω–∏–µ —Å–ø–µ—Ü–∏–∞–ª—å–Ω–æ–≥–æ –æ–±–æ—Ä—É–¥–æ–≤–∞–Ω–∏—è, –Ω–∞–ø—Ä–∏–º–µ—Ä, —É—Ä–æ–∫–æ–≤ —Ñ–∏–∑–∫—É–ª—å—Ç—É—Ä—ã, —Ä–∏—Å–æ–≤–∞–Ω–∏—è, —Ñ–∏–∑–∏–∫–∏, —Ö–∏–º–∏–∏ –∏ —Ç—Ä—É–¥–∞. –¢–∞–∫–∂–µ —Ä–∞—Å–ø–∏—Å–∞–Ω–∏–µ –∑–∞–Ω—è—Ç–∏–π –∏ –ø–µ—Ä–µ–º–µ–Ω –¥–æ–ª–∂–Ω–æ –±—ã—Ç—å —Å–æ—Å—Ç–∞–≤–ª–µ–Ω–æ —Ç–∞–∫–∏–º –æ–±—Ä–∞–∑–æ–º, —á—Ç–æ–±—ã –º–∞–∫—Å–∏–º–∞–ª—å–Ω–æ –º–∏–Ω–∏–º–∏–∑–∏—Ä–æ–≤–∞—Ç—å –∫–æ–Ω—Ç–∞–∫—Ç—ã –º–µ–∂–¥—É —É—á–∞—â–∏–º–∏—Å—è."
1,"‚ùó–í –ö–∏—Ä–æ–≤—Å–∫–æ–π –æ–±–ª–∞—Å—Ç–∏ –Ω–µ –±—É–¥—É—Ç –ø—Ä–æ–¥–ª–µ–≤–∞—Ç—å –Ω–µ—Ä–∞–±–æ—á–∏–µ –¥–Ω–∏ –≤ –Ω–æ—è–±—Ä–µ. 

–û–± —ç—Ç–æ–º –∑–∞—è–≤–∏–ª –≥—É–±–µ—Ä–Ω–∞—Ç–æ—Ä –ò–≥–æ—Ä—å –í–∞—Å–∏–ª—å–µ–≤.

–° 8 –Ω–æ—è–±—Ä—è —à–∫–æ–ª—ã, –¥–µ—Ç—Å–∫–∏–µ —Å–∞–¥—ã –∏ –¥—Ä—É–≥–∏–µ —É—á—Ä–µ–∂–¥–µ–Ω–∏—è –ö–∏—Ä–æ–≤—Å–∫–æ–π –æ–±–ª–∞—Å—Ç–∏ –±—É–¥—É—Ç —Ä–∞–±–æ—Ç–∞—Ç—å –≤ —à—Ç–∞—Ç–Ω–æ–º —Ä–µ–∂–∏–º–µ. 

–ü–æ —Å–ª–æ–≤–∞–º –í–∞—Å–∏–ª—å–µ–≤–∞, —Å–∏—Ç—É–∞—Ü–∏—è —Å –∑–∞–±–æ–ª–µ–≤–∞–µ–º–æ—Å—Ç—å—é –≤ —Ä–µ–≥–∏–æ–Ω–µ –æ—Å—Ç–∞–µ—Ç—Å—è –Ω–µ–ø—Ä–æ—Å—Ç–æ–π, –Ω–æ —Ç–µ–Ω–¥–µ–Ω—Ü–∏—è –∫ —Å—Ç–∞–±–∏–ª–∏–∑–∞—Ü–∏–∏ –Ω–∞–º–µ—Ç–∏–ª–∞—Å—å. –¢–∞–∫–∂–µ —É–≤–µ–ª–∏—á–∏–≤–∞—é—Ç—Å—è —Ç–µ–º–ø—ã –≤–∞–∫—Ü–∏–Ω–∞—Ü–∏–∏ —Å—Ä–µ–¥–∏ –º–µ—Å—Ç–Ω–æ–≥–æ –Ω–∞—Å–µ–ª–µ–Ω–∏—è. 

–û–¥–Ω–∞–∫–æ –≤—Å–µ –º–µ—Ä—ã –ø–æ –ø—Ä–µ–¥–æ—Ç–≤—Ä–∞—â–µ–Ω–∏—é —Ä–∞—Å–ø—Ä–æ—Å—Ç—Ä–∞–Ω–µ–Ω–∏—è –∫–æ—Ä–æ–Ω–∞–≤–∏—Ä—É—Å–∞, –∫–æ—Ç–æ—Ä—ã–µ –±—ã–ª–∏ —É—Ç–≤–µ—Ä–∂–¥–µ–Ω—ã —Ä–∞–Ω–µ–µ, –ø—Ä–æ–¥–æ–ª–∂–∞—é—Ç —Å–≤–æ—ë –¥–µ–π—Å—Ç–≤–∏–µ. –†–∞–±–æ—Ç–æ–¥–∞—Ç–µ–ª—è–º –≤—Å—ë –µ—â—ë —Ä–µ–∫–æ–º–µ–Ω–¥—É–µ—Ç—Å—è –≤—ã–≤–æ–¥–∏—Ç—å —Å–æ—Ç—Ä—É–¥–Ω–∏–∫–æ–≤ —Å—Ç–∞—Ä—à–µ 65 –ª–µ—Ç –Ω–∞ —É–¥–∞–ª–µ–Ω–Ω—ã–π —Ä–µ–∂–∏–º —Ä–∞–±–æ—Ç—ã."
0,–ü—Ä–æ–¥–∞–º
1,–ö–æ–≤—ë—Ä —Ç89127322595
1,"–ö—É–ø–ª—é –±/—É —à–∏—Ñ–µ—Ä
89172987828"
0,–ú–µ–±–µ–ª—å
