0,"–ù–µ—Ç –≤—Ä–µ–º–µ–Ω–∏ —Ö–æ–¥–∏—Ç—å –ø–æ –º–∞–≥–∞–∑–∏–Ω–∞–º? –ò–ª–∏ –ø—Ä–æ—Å—Ç–æ —Ö–æ—Ç–∏—Ç–µ —Å—ç–∫–æ–Ω–æ–º–∏—Ç—å? 
–î–æ–±—Ä–æ –ø–æ–∂–∞–ª–æ–≤–∞—Ç—å –≤ –Ω–∞—à—É –≥—Ä—É–ø–ø—É: 
üõç–°–æ–≤–º–µ—Å—Ç–Ω—ã—Ö –ü–æ–∫—É–ø–æ–∫üõç
https://vk.com/sovmestzakupkaa

‚Ä¢–î–µ—Ç—Å–∫–∞—è –æ–¥–µ–∂–¥–∞ –æ—Ç –±—Ä–µ–Ω–¥–∞ ¬´BONITO¬ª
‚Ä¢–ò–≤–∞–Ω–æ–≤—Å–∫–∏–π —Ç—Ä–∏–∫–æ—Ç–∞–∂
‚Ä¢–û–¥–µ–∂–¥–∞/–æ–±—É–≤—å –¥–ª—è –≤—Å–µ—Ö
‚Ä¢–Å–ª–∫–∏, –≥–∏—Ä–ª—è–Ω–¥—ã, –ø–æ–¥–∞—Ä–∫–∏ –∫ –ù–æ–≤–æ–º—É –ì–æ–¥—É

–í—Å—Ç—É–ø–∞–π—Ç–µ –≤ –Ω–∞—à—É –±–µ—Å–µ–¥—É, —Ç–∞–º –≤—ã–∫–ª–∞–¥—ã–≤–∞–µ–º —Ä–∞—Å–ø—Ä–æ–¥–∞–∂—É –≤–µ—â–µ–π 
https://vk.me/join/AJQ1d1qDfx2x4Rc0Rcf__gQd

–í—ã–≥–æ–¥–Ω—ã–µ —É—Å–ª–æ–≤–∏—è –æ–ø—Ç–æ–≤—ã—Ö –∑–∞–∫—É–ø–æ–∫. –í–º–µ—Å—Ç–µ –¥–µ—à–µ–≤–ª–µü•∞"
0,Bo[' Bonit —Å–æ–≤—Ä–µ–º–µ –∏–∂–∏–∑} –¥–ª—è
1,"–ö—É–ø–ª—é —Å—Ä–æ—á–Ω–æ –∫—É—Ä—Ç–æ—á–∫—É –Ω–∞ –¥–µ–≤–æ—á–∫—É –∑–∏–º–Ω–∏—é 122_125 —Ä–æ—Å—Ç,–Ω–µ –¥–æ—Ä–æ–≥–æ –∞–Ω–æ–Ω–∏–º–Ω–æ"
0,"–ü–æ–¥—Å–∫–∞–∂–∏—Ç–µ, —á—Ç–æ —Å –ë–æ–≥–æ—Ä–æ–¥—Å–∫–∏–º –º–æ–ª–æ–∫–æ–º? –ó–∞ 2-3 –¥–Ω—è –¥–æ –æ–∫–æ–Ω—á–∞–Ω–∏—è —Å—Ä–æ–∫–∞ –≥–æ–¥–Ω–æ—Å—Ç–∏ –ø–∏—Ç—å —É–∂–µ –Ω–µ–≤–æ–∑–º–æ–∂–Ω–æ. –ü—Ä–∏—á–µ–º –Ω–µ –∫–∏—Å–Ω–µ—Ç, –∞ —Å—Ç–∞–Ω–æ–≤–∏—Ç—Å—è –≥–æ—Ä—å–∫–∏–º. –ö—Ç–æ-–Ω–∏–±—É–¥—å —Å—Ç–∞–ª–∫–∏–≤–∞–ª—Å—è –∏–ª–∏ —Ç–æ–ª—å–∫–æ —É –Ω–∞—Å —Ç–∞–∫?"
1,–®–≤–µ–¥—Å–∫–∞—è —Å—Ç–µ–Ω–∫–∞ 4000—Ä
1,"–ü—Ä–æ–¥–∞–º –ø–ª–∞—Ç—å–µ 1.500.–ö–∞–∫ —Ä–∞–∑ –¥–ª—è –Ω–æ–≤–æ–≥–æ –≥–æ–¥–∞.–†–∞–∑–º–µ—Ä –ø—Ä–∏–±–ª–∏–∑–∏—Ç–µ–ª—å–Ω–æ –∫ 48–º—É, –Ω–µ –Ω–∞ –ø–∏—Å–∞–Ω–æ.–ê–Ω–æ–Ω –ø–æ–∂–∞–ª—É–π—Å—Ç–∞"
0,"–ê–Ω–æ–Ω –ø–æ–∂–∞–ª—É–π—Å—Ç–∞) –æ—Ç–¥–∞–º –∫—Ä—ã—Å—É(–º–∞–ª—å—á–∏–∫–∞) –≤ –¥–æ–±—Ä—ã–µ —Ä—É–∫–∏. –ü–∏—Å–∞—Ç—å –≤ –∫–æ–º–º–µ–Ω—Ç–∞—Ä–∏–∏, –æ—Ç–ø–∏—à—É—Å—å —Å—Ä–∞–∑—É. –ï—â—ë —Ä–∞–∑ –∞–Ω–æ–Ω)"
1,"–ü—Ä–æ–¥–∞–µ—Ç—Å—è 3-—Ö –∫–æ–º–Ω–∞—Ç–Ω–∞—è –∫–≤–∞—Ä—Ç–∏—Ä–∞ –ø–æ –∞–¥—Ä–µ—Å—É: –í—è—Ç—Å–∫–æ-–ü–æ–ª—è–Ω—Å–∫–∏–π —Ä-–Ω, –ø. –ö—Ä–∞—Å–Ω–∞—è –ü–æ–ª—è–Ω–∞, —É–ª. –†–∞–¥—É–∂–Ω–∞—è, –¥. 1. –û–±—â–∞—è –ø–ª–æ—â–∞–¥—å 59.7 –∫–≤. –º. –ö–∏—Ä–ø–∏—á–Ω—ã–π –¥–æ–º. 5 —ç—Ç–∞–∂. –ö–æ—Å–º–µ—Ç–∏—á–µ—Å–∫–∏–π —Ä–µ–º–æ–Ω—Ç. –í —à–∞–≥–æ–≤–æ–π –¥–æ—Å—Ç—É–ø–Ω–æ—Å—Ç–∏ –º–∞–≥–∞–∑–∏–Ω—ã, –¥–µ—Ç—Å–∞–¥, –ø—Ä–æ—Ö–æ–¥–Ω–∞—è –ò–ö–ï–ê. –°–≤–µ–∂–∏–π –≤–æ–∑–¥—É—Ö, –æ–∑—ë—Ä–∞, –ª–µ—Å –∏ —Ä–µ—á–∫–∞ –í—è—Ç–∫–∞. –¶–µ–Ω–∞ 850 —Ç—ã—Å. —Ä—É–±. –¢–æ—Ä–≥, –∏–ø–æ—Ç–µ–∫–∞, –æ–±–º–µ–Ω –Ω–∞ –¥–æ–º. –í—Å–µ –≤–æ–ø—Ä–æ—Å—ã –≤ –ª–∏—á–∫—É –∏–ª–∏ –ø–æ —Ç–µ–ª–µ—Ñ–æ–Ω—É 89127243332, 9127071900."
1,"17 —Å–º , 600 —Ä—É–±. 89536867307"
1,Wy Wi Wuz_
1,"–ü—Ä–æ–¥–∞–º —Å—Ç—É–ª –¥–ª—è –∫–æ—Ä–º–ª–µ–Ω–∏—è –Ω–∞ –∫–æ–ª–µ—Å–∞—Ö. –ï—Å—Ç—å –ø–æ–¥—Å—Ç–∞–∫–∞–Ω–Ω–∏–∫, –∫–æ—Ä–∑–∏–Ω–∞ –¥–ª—è –∏–≥—Ä—É—à–µ–∫ + –¥–æ–ø.–º–∞—Ç—Ä–∞—Å. —Å–ø–∏–Ω–∫–∞ —Ä–µ–≥—É–ª–∏—Ä—É–µ—Ç—Å—è –≤ –Ω–µ—Å–∫–æ–ª—å–∫–æ –ø–æ–ª–æ–∂–µ–Ω–∏–π, —Ä–∞–±–æ—á–∏–µ —Ç–æ—Ä–º–æ–∑–∞ –Ω–∞ –∫–æ–ª–µ—Å–∞—Ö. 2500"
1,SOAVto
0,52—à—Ç+9—à—Ç. 800—Ä.
0,"JU–ºb–æ PACK alry * przewiewn –≤–æ–∑–¥—É—à–Ω—ã–µ Rampers / pants —Ç—Ä—É—Å–∏–∫–∏ 9-15 k9 PIELUCHOMAJTKI FANTS FRALDAS P–¥RA BeDES –ù9 512!""46"" {u[88—á]111'""0; –≤–ª–∞–¥—á–ªukle Pampers pants —Ç—Ä—É—Å–∏–∫–∏ 12h 1 4[2 2021/11/29 14:30 A2h 812913118"
1,10000 —Ä—É–±–ª–µ–π
1,Tnakita 8 –æ–ª–ª–øu 0–∫—Ä482 ;9000 B=0=90000 83 {;(68' 84 H_1' 80+856043
1,"–í –æ—Ç–ª–∏—á–Ω–æ–º —Å–æ—Å—Ç–æ—è–Ω–∏–∏, —Å–∞–º–æ–≤—ã–≤–æ–∑, –≤–æ–∑–º–æ–∂–µ–Ω —Ç–æ—Ä–≥, 5000—Ä"
1,"–ü–æ–∂–∞–ª—É–π—Å—Ç–∞, –ª—é–¥–∏, –≥–∏—Ä–ª—è–Ω–¥—ã –∑–∞–∂–≥–∏—Ç–µ! 
 
–ü–æ–∂–∞–ª—É–π—Å—Ç–∞, –ª—é–¥–∏, –≥–∏—Ä–ª—è–Ω–¥—ã –∑–∞–∂–≥–∏—Ç–µ 
–í –æ–∫–æ—à–∫–∞—Ö —É—Å—Ç–∞–≤—à–∏—Ö —Å–≤–æ–∏—Ö! 
–ò –ë–æ–≥—É —Å –∑–µ–º–ª–∏ –Ω–µ–≤–∑–Ω–∞—á–∞–π –ø–æ–¥–º–∏–≥–Ω–∏—Ç–µ 
–°–∏—è–Ω—å–µ–º –æ–≥–Ω–µ–π –æ–∑–æ—Ä–Ω—ã—Ö. 
 
–ò –ø—É—Å—Ç—å –Ω–∞ –º–≥–Ω–æ–≤–µ–Ω—å–µ –∑–∞—Å—Ç—ã–Ω–µ—Ç —É –¥–æ–º–∞ 
–°—Ç–∞—Ä—É—à–∫–∞, –∏ –≤—Å–ø–æ–º–Ω–∏—Ç –æ —Ç–æ–º, 
–ö–∞–∫ —Å—Ç–æ–ª –Ω–∞–∫—Ä—ã–≤–∞–ª–∞ –¥–ª—è –±–ª–∏–∑–∫–∏—Ö, –∑–Ω–∞–∫–æ–º—ã—Ö, 
–ò —Ä–∞–¥–æ—Å—Ç—å —Ü–∞—Ä–∏–ª–∞ –∫—Ä—É–≥–æ–º... 
 
–ö–∞–∫ –≤–º–µ—Å—Ç–µ –æ–Ω–∏ —Å –∂–µ–Ω–∏—Ö–æ–º —É–∫—Ä–∞—à–∞–ª–∏ 
–ö–≤–∞—Ä—Ç–∏—Ä—É –≥–∏—Ä–ª—è–Ω–¥–æ–π –∏–∑ –∑–≤—ë–∑–¥. 
–ö–∞–∫ —ë–ª–∫—É –æ–Ω–∏ –≤—Å–µ–π —Å–µ–º—å—ë–π –Ω–∞—Ä—è–∂–∞–ª–∏. 
–°–∫—Ä–∏–ø–µ–ª –Ω–µ–±—ã–≤–∞–ª—ã–π –º–æ—Ä–æ–∑... 
 
–ò –ø—ë—Å –±–µ—Å–ø—Ä–∏–∑–æ—Ä–Ω—ã–π –ø–æ—Å–º–æ—Ç—Ä–∏—Ç –≤ –æ–∫–æ—à–∫–æ... 
–°—Ç–∞—Ä—É—à–∫–∞ –ø–æ–≥–ª–∞–¥–∏—Ç –µ–≥–æ. 
–ï—â—ë –ø–æ—Å—Ç–æ—è—Ç —É –æ–∫–æ—à–∫–∞ –Ω–µ–º–Ω–æ–∂–∫–æ, 
–°—Ç–∞—Ä—É—à–∫–∞ –ø—Ä–æ–º–æ–ª–≤–∏—Ç: ""–ß–µ–≥–æ 
–¢—ã –±—Ä–æ–¥–∏—à—å –æ–¥–∏–Ω? –°–∫–æ—Ä–æ –ø—Ä–∞–∑–¥–Ω–∏–∫ –Ω–∞–≥—Ä—è–Ω–µ—Ç! 
–ü–æ–π–¥—ë–º-–∫–∞, –¥—Ä—É–∂–æ—á–µ–∫, –∫–æ –º–Ω–µ!"" 
–ò –ø—ë—Å –Ω–∞ –Ω–µ—ë –ø–æ–Ω–∏–º–∞—é—â–µ –≥–ª—è–Ω–µ—Ç, 
–ê —Å –Ω–µ–±–∞ –ø–æ—Å—ã–ø–ª–µ—Ç—Å—è —Å–Ω–µ–≥. 
 
–ü–æ–∂–∞–ª—É–π—Å—Ç–∞, –ª—é–¥–∏, –∑–∞–∂–≥–∏—Ç–µ –≥–∏—Ä–ª—è–Ω–¥—ã, 
–£–∫—Ä–∞—Å—å—Ç–µ —á—É–∂–∏–µ –º–µ—á—Ç—ã. 
–ò –¥–µ—Ç—Å–∫–∞—è —Ä–∞–¥–æ—Å—Ç—å, –∫–∞–∫ –≤ –ø—Ä–æ—à–ª–æ–º –∫–æ–≥–¥–∞-—Ç–æ, 
–î–æ–±–∞–≤–∏—Ç –¥—É—à–µ —Ç–µ–ø–ª–æ—Ç—ã. 
 
–ê—Ö, –∫–∞–∫ –∂–µ —Å–µ–≥–æ–¥–Ω—è —á—É–¥–µ—Å –Ω–µ —Ö–≤–∞—Ç–∞–µ—Ç 
–ò –ª–∞–º–ø–æ—á–µ–∫ –≤ —Ç—ë–º–Ω–æ–º –æ–∫–Ω–µ... 
–ü–æ–∂–∞–ª—É–π—Å—Ç–∞, –≤–µ—Ä—å—Ç–µ, —á—Ç–æ —Å—á–∞—Å—Ç—å–µ –±—ã–≤–∞–µ—Ç. 
–ò –¥–∞–∂–µ –ø—Ä–∏ –ø–∞—Å–º—É—Ä–Ω–æ–º –¥–Ω–µ 
 
–î—É—à–æ—é —Å–≤–æ–µ–π –Ω–µ–æ–±—ä—è—Ç–Ω–æ–π —Å–≤–µ—Ç–∏—Ç–µ 
–ó–∞–±–ª—É–¥—à–∏–º, –∑–∞–º—ë—Ä–∑—à–∏–º, —á—É–∂–∏–º‚Ä¶ 
–ü–æ–∂–∞–ª—É–π—Å—Ç–∞, –ª—é–¥–∏, –≥–∏—Ä–ª—è–Ω–¥—ã –∑–∞–∂–≥–∏—Ç–µ! 
–í–∫–ª—é—á–∏—Ç–µ –≤–æ–ª—à–µ–±–Ω—ã–π —Ä–µ–∂–∏–º! 

–ò—Ä–∏–Ω–∞ –°–∞–º–∞—Ä–∏–Ω–∞-–õ–∞–±–∏—Ä–∏–Ω—Ç, 2021"
0,"–®—É–±–∞, –º—É—Ç–æ–Ω, –≤ –∏–¥–µ–∞–ª—å–Ω–æ–º —Å–æ—Å—Ç–æ—è–Ω–∏–∏, —Ä–∞–∑–º–µ—Ä 54-56. 4000—Ä."
1,–ü—Ä–æ–¥–∞–º –∑–∏–º–Ω–∏–µ —à–∏–ø–æ–≤–∞–Ω–Ω—ã–µ –∫–æ–ª—ë—Å–∞ 215/65 R16. –¶–µ–Ω–∞ 16000
1,—à–µuliiii W–∞W000
1,–ö–æ—Å—Ç—é–º –º—É–∂—Å–∫–æ–π 3000—Ä
1,"–ö–æ–º–ø–ª–µ–∫—Ç –±–∞–≥–∞–∂–Ω–∏–∫–∞ –Ω–∞ –∫—Ä—ã—à—É –¥–ª—è –í–ê–ó 2108-099 –∏ 2114-2115

–¶–µ–Ω–∞ 1000—Ä –Ω–∞–π–¥—É –ø–æ –∫–æ–º–º–µ–Ω—Ç–∞—Ä–∏—è–º"
1,"–ö—Ç–æ –º–æ–∂–µ—Ç –ø–æ–¥–∫–ª—é—á–∏—Ç—å –ø—Ä–æ—Ç–∏–≤–æ—Ç—É–º–∞–Ω–Ω—ã–µ —Ñ–∞—Ä—ã –Ω–∞ –∞–≤—Ç–æ,–Ω–µ –æ—á–µ–Ω—å –¥–æ—Ä–æ–≥–æ.–û—Ç–ø–∏—à—É—Å—å —Å–∞–º,–∞–Ω–æ–Ω."
1,"–ü—Ä–æ–¥–∞–º –º–æ–¥—ç–º—ã –ú–¢–° –∏ –º–µ–≥–∞—Ñ–æ–Ω 3G 
400—Ä –∑–∞ –æ–¥–∏–Ω 
–ù–∞–π–¥—É –ø–æ –∫–æ–º–º–µ–Ω—Ç–∞–º"
1,"–ü—Ä–æ–¥–∞–º —Ç–µ–ª–µ—Ñ–æ–Ω, –≤ –∏–¥–µ–∞–ª—å–Ω–æ–º —Å–æ—Å—Ç–æ—è–Ω–∏–∏ –±–µ–∑ —Ü–∞—Ä–∞–ø–∏–Ω, –±/—É 3 –º–µ—Å—è—Ü–∞. –¶–µ–Ω–∞ 8 —Ç—ã—Å."
1,C21 2021/11/23 12:02 realme :
1,"–ü—Ä–æ–¥–∞–º –¥–≤–µ—Ä—å —Ü–µ–Ω–∞ 10 —Ç—ã—Å—è—á, –Ω–æ–≤–∞—è, –Ω–µ –ø–æ–¥–æ—à–ª–∞ –ø–æ —Ä–∞–∑–º–µ—Ä–∞–º. –ê–Ω–æ–Ω."
0,"–ß–µ–π –∫–æ—Ç–µ–Ω–æ–∫ ,–∫—Ç–æ –ø–æ—Ç–µ—Ä—è–ª ? –ê–Ω–æ–Ω"
0,REDMI NOTE 8 9 AI QVAD CAMERA 2021/11/30 12:05
1,–ü—Ä–æ–¥–∞–º –∑–∏–º–Ω–∏–π –∫–æ–º–±–∏–Ω–µ–∑–æ–Ω Baby Go —Ä–∞–∑–º–µ—Ä 86. 1400—Ä.
1,–ó–∏–º–Ω–∏–π 86-92 2000—Ä
0,–ß—å—è –∫–æ—à–µ—á–∫–∞ –ø—Ä–∏—à–ª–∞ –≤ –º–∞–≥–Ω–∏—Ç —É –¥–æ–º–∞? –•—Ä–æ–º–∞–µ—Ç. –ü–æ –≤—Å–µ–º –≤–æ–ø—Ä–æ—Å–∞–º –æ–±—Ä–∞—â–∞—Ç—å—Å—è –∫ —Å–æ—Ç—Ä—É–¥–Ω–∏–∫–∞–º –º–∞–≥–∞–∑–∏–Ω–∞ –∏–ª–∏ –ø–æ –Ω–æ–º–µ—Ä—É –°–µ—Ä–≥–µ–π
0,"–ü—Ä–æ–¥–∞–º –Ω–∞–±–æ—Ä –¥–ª—è –ø–æ—Ö—É–¥–µ–Ω–∏—è. –©—ë—Ç–∫–æ–π –Ω–µ –ø–æ–ª—å–∑–æ–≤–∞–ª–∞—Å—å,–≥–µ–ª–µ–º –æ–¥–∏–Ω —Ä–∞–∑. –û–±—ä–µ–º –≥–µ–ª—è 500–º–ª. –ó–∞ –≤—Å–µ 400—Ä. –ê–Ω–æ–Ω–∏–º–Ω–æ –ø–æ–∂–∞–ª—É–π—Å—Ç–∞."
0,"831:!*8=0+#""3 -""""* —Ç8 2 11932 –∫–Ω–≤–∫—ã–π–º–∞–∫ ST6{313882 3}1+828 ro—áe –∏ –æ–ø–µ–ª—å—Å–∏–Ω Complmeni BoDy –≥–æ—Ä—è—á–µ–µ –æ–±–µ—Ä—Ç—ã–≤–∞–Ω–∏–µ –∏–Ω—Ç–µ–Ω—Å–∏–≤–Ω–æ–≥–æ V –∂–∏—Ä–æ–≤ –∏ RITUAls –¥–†E–ù–ê–ñ–Ω–æ–• –ø–æ—Ö—É–¥–µ–Ω–∫—è  –î–ª—è –ê–ø–µ–ª—å—Å–∏–∫ –ö–æ–§–µ –∫–æ–∫—Ç—É—Ä–æ–≤ —Å–∫–∏–≥–∞–Ω–∏–µ –ø–æ–¥—Ç—è–∂–∫–∞ "
1,"–ü—Ä–æ–¥–∞–º –∫—É—Ä—Ç–∫—É –¥–ª—è –º–∞–ª—å—á–∏–∫–∞ –∑–∏–º–Ω—è—è –æ—á–µ–Ω—å —Ç–µ–ø–ª–∞—è
–†–æ—Å—Ç 86—Å–º 600—Ä"
1,G–† 89115 FatiIIOT
1,–ö—É–ø–ª—é –∫–æ—Å—Ç—é–º –≥–Ω–æ–º–∞ –∞–Ω–æ–Ω
1,–ü—Ä–æ–¥–∞–º –Ω–µ –ø–æ–¥–æ—à–ª–∏ –ø–æ —Ä–∞–∑–º–µ—Ä—É 500—Ä
1,PINDIAI
1,"–¢—Ä–µ–±—É–µ—Ç—Å—è –ø—Ä–æ–¥–∞–≤–µ—Ü –≤ –º–∞–≥–∞–∑–∏–Ω —Ä–∏—Ç—É–∞–ª—å–Ω—ã—Ö —É—Å–ª—É–≥! 
–í—Å—è –∏–Ω—Ñ–æ—Ä–º–∞—Ü–∏—è –ø–æ —Ç–µ–ª: 8-912-719-12-33 
–î–º–∏—Ç—Ä–∏–π"
1,–¢—Ä–µ–±—É–µ—Ç—Å—è –ü–†–æ–î–ê–≤–ï—Ü
1,–Ω—É–∂–µ–Ω –∫–æ–Ω–æ–ø–∞—Ç—á–∏–∫89274902088.
1,"–ü—Ä–æ–¥–∞—é—Ç—Å—è –º–æ–ª–æ–¥—ã–µ –ø–µ—Ç—É—Ö–∏, –≤ –Ω–∞–ª–∏—á–∏–∏ 3 —à—Ç—É–∫–∏. 
–û–±—Ä–∞—â–∞—Ç—å—Å—è –ø–æ –Ω–æ–º–µ—Ä—É: 89195209248"
1,"–ö–æ—Å—Ç—é–º—ã  –Ω–∞ –¥–µ–≤–æ—á–∫—É, —Ä–æ—Å—Ç 84, 110 —Å–º."
0,"https://vk.com/club46644578 
https://vk.com/away.php?to=https://instagram.com/ilsh.. 
–ö–æ—Ä–ø—É—Å–Ω–∞—è –º–µ–±–µ–ª—å –Ω–∞ –∑–∞–∫–∞–∑.–ö—É—Ö–æ–Ω–Ω—ã–µ –≥–∞—Ä–Ω–∏—Ç—É—Ä—ã, —à–∫–∞—Ñ—ã, —à–∫–∞—Ñ –∫—É–ø–µ, –æ—Ñ–∏—Å–Ω–∞—è –∏ –¥–µ—Ç—Å–∫–∞—è –º–µ–±–µ–ª—å –ª—é–±–æ–π —Å–ª–æ–∂–Ω–æ—Å—Ç–∏. 
–í—ã–µ–∑–¥ –≤ –¥—Ä—É–≥–∏–µ –≥–æ—Ä–æ–¥–∞ –∏ –ø–æ—Å—ë–ª–∫–∏ 
89600336666 
–£–°–ü–ï–ô–¢–ï –ó–ê–ö–ê–ó–ê–¢–¨ –ü–û –¶–ï–ù–ê–ú 2021 –ì–û–î–ê)"
0,–ú–µ–±–µ–ª—å –ë–∞–ª—Ç–∞—Å–∏ –ú–µ–±–µ–ª—å –ë–∞–ª—Ç–∞—Å–∏ mebel Incollage
0,"–†–µ–º–æ–Ω—Ç –æ–±—É–≤–∏ –ª—é–±–æ–π —Å–ª–æ–∂–Ω–æ—Å—Ç–∏,–∫—Ä–æ–º–µ —Ä–µ—Å—Ç–∞–≤—Ä–∞—Ü–∏–∏(–∑–∞–º–µ–Ω—ã –ø–æ–¥–æ—à–≤—ã,—Å–æ—é–∑–æ–∫). –í—Å—Ç–∞–≤–∫–∞ –º–æ–ª–Ω–∏–∏ –≤ –∫–æ–∂–∞–Ω—ã–µ –∫—É—Ä—Ç–∫–∏,–¥—É–±–ª—ë–Ω–∫–∏ (–º–æ–ª–Ω–∏—è –∑–∞–∫–∞–∑—á–∏–∫–∞)–†–µ–º–æ–Ω—Ç —Å—É–º–æ–∫,—Ä—é–∫–∑–∞–∫–æ–≤,—Ä–∞–Ω—Ü–µ–≤.—Ç–µ–ª.89823819585. 89027982565."
1,"–ü—Ä–æ–¥–∞—é—Ç—Å—è —Ç–µ–ª—è—Ç–∞ –±—ã—á–∫–∏ —á–µ—Ä–Ω–æ-–ø–µ—Å—Ç—Ä–æ–π –ø–æ—Ä–æ–¥—ã 131, 142, 361 –∫–≥ 89172235787"
0,"–ö—Ç–æ –æ—Ç–¥–∞—ë—Ç –∫–æ—Ç—ë–Ω–∫–∞ –º–∞–ª—å—á–∏–∫–∞ 3,4 –º–µ—Å—è—á–Ω–æ–≥–æ??"
1,–ü—Ä–æ–¥–∞–º –ø–æ—Å–ª–µ–¥–Ω–∏–µ
1,–∑–æ0
1,"–ù–∞ –¥–µ–≤–æ—á–∫—É –∫–æ—Å—Ç—é–º 2000 —Ä—É–±–ª–µ–π, –ø–∞–ª—å—Ç–æ 1500 —Ä—É–±–ª–µ–π, —Ä–æ—Å—Ç 140"
0,"–ü—Ä–∏–≥–ª–∞—à–∞—é –Ω–∞ –Ω–∞—Ä–∞—â–∏–≤–∞–Ω–∏–µ —Ä–µ—Å–Ω–∏—Ü 
–î–æ –∫–æ–Ω—Ü–∞ –Ω–µ–¥–µ–ª–∏ –¥–µ–π—Å—Ç–≤—É–µ—Ç —Å–∫–∏–¥–∫–∞ 15%–Ω–∞ –ª—é–±–æ–µ –æ–±—ä—ë–º üòç
–£—Å–ø–µ–π –∑–∞–ø–∏—Å–∞—Ç—å—Å—è 
–¢–∞–∫–∂–µ –æ—Ç–∫—Ä—ã—Ç–∞ –∑–∞–ø–∏—Å—å –Ω–∞ –¥–µ–∫–∞–±—Ä—å ‚ùÑÔ∏è"
1,"–ü—Ä–æ–¥–∞–¥–∏–º –¥–æ–º –≤ –î–µ—Ä—é—à–µ–≤–æ —Å –∑–µ–º–ª—ë–π.( –î–æ–º –ø–æ–¥ —Å–Ω–æ—Å, –∏ —Ö–æ–∑ –ø–æ—Å—Ç—Ä–æ–π–∫–∏ –Ω–∞ –¥—Ä–æ–≤–∞)
300—Ç.—Ä. 50 —Å–æ—Ç–æ–∫ –∑–µ–º–ª–∏
–ê–Ω–æ–Ω–∏–º–Ω–æ
–ï—Å–ª–∏ –ø—Ä–∏–ª–æ–∂–∏—Ç—å —Ä—É–∫–∏, —Ç–µ—Ä–ø–µ–Ω–∏–µ, –∏ —É–ø–æ—Ä—Å—Ç–≤–æ —Ç–æ –º–æ–∂–Ω–æ –Ω–∞ —ç—Ç–æ–π –∑–µ–º–ª–µ –ø–æ—Å—Ç—Ä–æ–∏—Ç—å —á—É–¥–µ—Å–Ω—ã–π –¥–æ–º–∏–∫ —Å —Å–∞–¥–æ–º. –í –¥–µ—Ä–µ–≤–Ω–µ –∏–º–µ–µ—Ç—Å—è –∞—Å—Ñ–∞–ª—å—Ç–∏—Ä–æ–≤–∞–Ω–Ω–∞—è –¥–æ—Ä–æ–≥–∞,5 –∫–º –æ—Ç –ú–∞–ª–º—ã–∂–∞, –∞–±—Å–æ–ª—é—Ç–Ω–æ –∫–æ–º—Ñ–æ—Ä—Ç–Ω–æ–µ –∞ –≥–ª–∞–≤–Ω–æ–µ —Ç–∏—Ö–æ–µ –∏ —Å–ø–æ–∫–æ–π–Ω–æ–µ –º–µ—Å—Ç–æ! –ñ–∏–≤–æ–ø–∏—Å–Ω–∞—è –ø—Ä–∏—Ä–æ–¥–∞, –∏ –ª–µ—Å —Å —Ä–µ—á–∫–æ–π –≤ —à–∞–≥–æ–≤–æ–π –¥–æ—Å—Ç—É–ø–Ω–æ—Å—Ç–∏.
–ù–∏–∫–∞–∫–∏—Ö –ø—Ä–æ–±–ª–µ–º —Å —Å–æ—Å–µ–¥—è–º–∏, –∑–µ–º–ª–∏ –º–Ω–æ–≥–æ, –≤–æ–¥–∞ –ø–∏—Ç—å–µ–≤–∞—è –≤ –≤–æ–¥–æ–ø—Ä–æ–≤–æ–¥–µ —Å–∞–º–∞—è —á–∏—Å—Ç–µ–π—à–∞—è!.–û—Ç–ª–∏—á–Ω—ã–π –≤–∞—Ä–∏–∞–Ω—Ç –¥–ª—è –≤–æ–ø–ª–æ—â–µ–Ω–∏—è —Å–≤–æ–∏—Ö —Å—Ç—Ä–æ–∏—Ç–µ–ª—å–Ω—ã—Ö –∏–¥–µ–π!
–î–µ—Ä–µ–≤–Ω—è –≤ –Ω–æ—á–Ω–æ–µ –≤—Ä–µ–º—è –æ—Å–≤–µ—â–∞–µ—Ç—Å—è —Ñ–æ–Ω–∞—Ä—è–º–∏.–î–≤–∞ –ø—É–Ω–∫—Ç–∞ –¢–ë–û
–ì—Ä–∞–Ω–∏—Ü–∞ —Å –¢–∞—Ç–∞—Ä—Å—Ç–∞–Ω–æ–º 7 –∫–º."
1,"–î–∞–ª—ë–∫–∏–π –ú–∞–ª–º—ã–∂
1956 –≥–æ–¥
–ù–∞ –Ω–µ–∏–∑–≤–µ—Å—Ç–Ω–æ–º –ø—Ä–∞–∑–¥–Ω–∏–∫–µ"
1,–ü–æ—Ç–µ—Ä—è–Ω–∞ –∫–∞—Ä—Ç–∞
1,–õ—é—Å—Ç—Ä–∞ –∏–∑ –∫–æ–ª–µ—Å–∞ —Ç89127322595
1,–î–∏–≤–∞–Ω
1,–î—Ä–µ–ª—å-—à—É—Ä—É–ø–æ–≤–µ—Ä—Ç –Ω–æ–≤–∞—è..
0,"–ö—É–ø–ª—é –≥–µ—Ä–∞–Ω—å, –∞–Ω–æ–Ω–∏–º–Ω–æ."
1,–∫—Ç–æ –µ–¥–µ—Ç –∏–∑ –ú–æ—Å–∫–≤—ã –≤ –ú–∞–ª–º—ã–∂? –ù–∞–¥–æ —Å—É–º–∫—É –¥–æ–≤–µ–∑—Ç–∏. –ó–∞ –æ–ø–ª–∞—Ç—É
0,–ü—Ä–æ–¥–∞–∂–∞ –∞–≤—Ç–æ
0,"–ü—Ä–æ–±–∞–º –∂–µ–Ω—Å–∫–∏–µ –±–ª—É–∑–∫–∏, —Ä—É–±–∞—à–∫–∏"
0,–ê–Ω–æ–Ω. –ü—Ä–æ–¥–∞–º –∫–æ–Ω—Ü–µ–Ω—Ç—Ä–∞—Ç–æ—Ä –∫–∏—Å–ª–æ—Ä–æ–¥–∞ ¬´Armed¬ª 7F-3L. –ù–æ–≤—ã–π. 89195181157
0,–ê–≤–∞–µ–¥ 88$907;980081{08008-0288;0 –ü–ê–°–ü–û–†–¢ –ò –†—É–∫–æ–≤–æ–¥—Å—Ç–≤–æ –ø–æ —ç–∫—Å–ø–ª—É–ê—Ç–ê—Ü–∏–∏ –î–æ –Ω–∞—á–∞–ª–∞ —ç–∫—Å–ø–ª—É–∞—Ç–∞—Ü–∏–∏ –ø–æ–¥—Ä–æ–±–Ω–æ –æ–∑–Ω–∞–∫–æ–º—å—Ç–µ—Å—å –Ω–∞—Å—Ç–æ—è—â–∏–º –†—É–∫–æ–≤–æ–¥—Å—Ç–≤–æ–º U –ø—Ä–æ–∫–æ–Ω—Å—É–ª—å—Ç–∏—Ä—É–π—Ç–µ—Å—å —Å –≤—Ä–∞—á–æ–º –ö–æ–Ω—Ü–µ–Ω—Ç—Ä–∞—Ç–æ—Ä –∫–∏—Å–ª–æ—Ä–æ–¥–∞ <Armedo 7F-3L wwwarmed ru
0,"3 –¥–µ–∫–∞–±—Ä—è 2021 –≥–æ–¥–∞ , –≤ –ø—è—Ç–Ω–∏—Ü—É,—Å 9 –¥–æ 13 –≤ –†–î–ö —Ä–µ–º–æ–Ω—Ç –æ–±—É–≤–∏ –í–∞—Ö—Ä—É—à–∏ . –ü—Ä–∏–Ω–∏–º–∞–µ–º –∑–∞–∫–∞–∑—ã –Ω–∞ –ø–æ—à–∏–≤ –Ω–æ–≤–æ–π –æ–±—É–≤–∏. –ë–æ–ª—å—à–æ–π –≤—ã–±–æ—Ä –ø–æ–¥–æ—à–≤—ã.–ì–∞—Ä–∞–Ω—Ç–∏—è. –†–∞—Å–ø—Ä–æ–¥–∞–∂–∞ –Ω–æ–≤–æ–π –æ–±—É–≤–∏. 
–¢–µ–ª–µ—Ñ–æ–Ω: 89513533299"
0,–†–µ–∫–ª–∞–º–∞ –≤ –ø–µ—Ä–≤–æ–º –≥–æ—Ä–æ–¥—Å–∫–æ–º —Å–æ–æ–±—â–µ—Å—Ç–≤–µ.–ü–∏—à–∏—Ç–µ –≤ –õ–° –≥—Ä—É–ø–ø—ã
1,–ü—Ä–æ–¥–∞–º –º–æ–ª–æ–¥—ã—Ö –∫—É—Ä–æ—á–µ–∫ —Ä—ã–∂–∏—Ö –Ω–µ—Å—É—Ç—Å—è –∏ –ø–µ—Ç—É—Ö–∞ –æ–±—Ä–∞—â–∞—Ç—å—Å—è –≤ –ª–∏—á–∫—É
0,"–ò—â—É –Ω–∞–ø–∞—Ä–Ω–∏—Ü—É –Ω–∞ –ø–æ–¥—Ä–∞–±–æ—Ç–∫—É, —Å–ª–æ–∂–Ω–æ–≥–æ –Ω–∏—á–µ–≥–æ –Ω–µ—Ç—É. –ö–æ–º—É –∏–Ω—Ç–µ—Ä–µ—Å–Ω–æ —Ç–æ –ø–∏—à–∏—Ç–µ –≤ –õ—Å. –ù–µ –∞–Ω–æ–Ω"
0,200 ;
0,"–ü—Ä–æ–¥–∞–º,–≤—Å–µ –≤–æ–ø—Ä–æ—Å—ã –ø–æ —Ç–µ–ª–µ—Ñ–æ–Ω—É 89965299820"
0,"–ê–Ω–æ–Ω.–î–æ–±—Ä—ã–π –≤–µ—á–µ—Ä –æ–ø—É–±–ª–∏–∫—É–π—Ç–µ –∞–¥–º–∏–Ω—É –¥–æ–±—Ä–∞üôã‚Äç‚ôÇ–µ—Å—Ç—å –≤ –Ω–∞–ª–∏—á–∏–∏ —Ä—ã–±–∫–∞ –Ω–∞ –ø—Ä–æ–¥–∞–∂—É –ê–Ω–æ–Ω.–ê–¥–º–∏–Ω—É –¥–æ–±—Ä–∞ .–í –Ω–∞–ª–∏—á–∏–∏ —Ä—ã–±–∞ —Å–≤–µ–∂–∞–∫ –µ—Å—Ç—å –∫–∞—Ä–ø—ã –æ—Ç –∫–≥ 150 –∏ –≤—ã—à–µ 200 —Ä –∑–∞ –∫–≥ ,—â—É–∫–∏ –ø–æ 150 —Ä –∑–∞ –∫–≥ 89127020922."
1,–ö–æ–º–±–µ–Ω–∏–∑–æ–Ω
1,–ù–∞–π–¥–µ–Ω–∞ –∫–∞—Ä—Ç–∞
1,01 /24 :AN[$ GIZATULLIn MVP 36 12/7770 1 27235163
1,–î–≤–µ—Ä—å
1,–ì–¥–µ –°—Ç–µ–ø–∞–Ω?!
0,–ù–∞–ø–∏—à–∏ –±–æ—Ç—É üëâüèª vk.me/smartzaem üëàüèª
0,"–ù–ê–ü–ò–°–ê–¢—å –ë–æ–¢—É –ü—Ä–∏–≤–µ—Ç–∏–∫) –í–∏–∫–∞, –ø—Ä–∏–≤–µ—Ç! –ú–Ω–µ –Ω—É–∂–Ω—ã –¥–µ–Ω—å–≥–∏ –ö–∞–∫—É—é —Å—É–º–º—É –∏ –∫—É–¥–∞ –ø–µ—Ä–µ–≤–µ—Å—Ç–∏? 35000 —Ä—É–±–ª–µ–π –∫–∞—Ä—Ç–∞ 4295 **** 1489 –ë—ã—Å—Ç—Ä–æ –ø–æ–ª—É—á–∏–ª–∞ —Å–ø–∞—Å–∏–±–æ! –û–±—Ä–∞—â–∞–π—Ç–µ—Å—å –ø–æ–º–æ—á—å ! –£—Å–ª–æ–≤–∏—è –ø–æ–ª—É—á–µ–Ω–∏—è  –ü–µ—Ä–≤—ã–π –∑–∞–µ–º –¥–æ –ó–û –û–û–û —Ä—É–±–ª–µ–π –≤—ã–¥–∞–µ—Ç—Å—è –ø–æ —Å—Ç–∞–≤–∫–µ 0% –≤ —Å–ª—É—á–∞–µ —Å–≤–æ–µ–≤—Ä–µ–º–µ–Ω–Ω–æ–≥–æ –ø–æ–≥–∞—à–µ–Ω–∏—è –ü—Ä–æ—Ü–µ–Ω—Ç–Ω–∞—è —Å—Ç–∞–≤–∫–∞ –æ—Ç –ó–û –¥–æ 36–û% –≥–æ–¥–æ–≤—ã—Ö B —Å–ª—É—á–∞–µ –Ω–∞—Ä—É—à–µ–Ω–∏—è —Å—Ä–æ–∫–æ–≤, —Ä–∞–∑–º–µ—Ä –Ω–µ—É—Å—Ç–æ–π–∫–∏ —Å–æ—Å—Ç–∞–≤–ª—è–µ—Ç 0 1–û% –æ—Ç —Å—É–º–º—ã –ø—Ä–æ—Å—Ä–æ—á–∫–∏ –≤ –¥–µ–Ω—å, –ù–û –Ω–µ –±–æ–ª–µ–µ 1–û% Ot —Å—É–ºi—ã –∫—Ä–µ–¥–∏—Ç–∞ B —Å–ª—É—á–∞–µ –¥–ª–∏—Ç–µ–ª—å–Ω–æ–π –∑–∞–¥–µ—Ä–∂–∫–∏ –≤—ã–ø–ª–∞—Ç—ã  –∏–Ω—Ñ–æ—Ä–º–∞—Ü–∏—è –±—É–¥–µ—Ç –ø–µ—Ä–µ–¥–∞–Ω–∞ –≤ –ë–ö–ò –†–∞–¥—ã"
1,–û–¥–Ω–∞ –∫–æ–∑–∞ –∏–ª–∏ –¥–≤–µ –∫–æ–∑—ã üôÜ‚Äç‚ôÇ
1,–ò –∫–∞–∫ –æ—Ç–º–∞–∑–∞—Ç—å—Å—è?
1,–ê —Ç—ã –≤—Å—ë –µ—â—ë —Ö–æ—á–µ—à—å —Å—Ç–∞—Ç—å —Ñ—Ä–∏–ª–∞–Ω—Å–µ—Ä–æ–º?!
1,–ê —Ç—É—Ç —Ç–µ–ø–ª–æ üòº
1,–¢–µ–ø–µ—Ä—å –µ—â—ë —Å—Ç—Ä–∞—à–Ω–µ–µ –ª–µ—Ç–µ—Ç—å ü§£ü§£ü§£
1,–ù—É –∫–∞ –Ω—É –∫–∞ —à–æ —É –≤–∞—Å —Ç—É—Ç
1,–ê–∞–∞–∞–ø-–∫—É—Å—å!
1,–í–æ—Ç —ç—Ç–æ —Ä–µ–∞–∫—Ü–∏—è!
1,–ê–≤—Ç–æ–ø–∏–ª–æ—Ç –∏–∑ –±—É—Ç—ã–ª–∫–∏:
1,–û—Å—Ç–∞–≤—å –∫–∞–∫ –±—ã–ª–æ üòÉ
1,–í—Å–µ–≥–¥–∞ —Ç–∞–∫ —Ö–æ–∂—É ü§£
1,–ê –º–æ–≥–ª–æ –±—ã –±—ã—Ç—å –æ—á–µ–Ω—å –≤–µ—Å–µ–ª–æ üòÉ
1,–Ø –Ω–∞–∫–ª–µ–π–∫–∞! üòÉüòÉüòÉ
1,–ë—É–¥–µ—à—å –±–µ–∫–æ–Ω—á–∏–∫? üòÖ
1,–Ø –±—ã —Ç–∞–∫ —Ä–µ–∑–∫–æ –Ω–µ –¥–≤–∏–≥–∞–ª—Å—è –Ω–∞ –µ–≥–æ –º–µ—Å—Ç–µ üòÉ
1,–û–Ω —Å–ø–∞—Å —ç—Ç–∏—Ö —Å–ª–æ–Ω–æ–≤ –æ—Ç –∏–∑–¥–µ–≤–∞—Ç–µ–ª—å—Å—Ç–≤ –∏ –≤—Å—Ç—Ä–µ—Ç–∏–ª—Å—è —Å –Ω–∏–º–∏ —á–µ—Ä–µ–∑ –≥–æ–¥:
1,–°–µ–≥–æ–¥–Ω—è —è –Ω–µ —É—Å–Ω—É üëª
1,–í–∑—è—Ç—å —Å–≤–æ—ë –ª—é–±–æ–π —Ü–µ–Ω–æ–π!
1,3D –∫–ª–∏–ø 1987 –≥–æ–¥–∞
